Date,Close/Last,Volume
2014-07-07,1317.0,791100
2014-07-08,1316.5,1267060
2014-07-09,1324.3,1551010
2014-07-10,1339.2,1673910
2014-07-11,1337.4,884700
2014-07-14,1306.7,1999730
2014-07-15,1297.1,1696120
2014-07-16,1299.8,1094180
2014-07-17,1316.9,1703600
2014-07-18,1309.4,1166870
2014-07-21,1315.5,172600
2014-07-22,1308.0,142960
2014-07-23,1306.5,185290
2014-07-24,1292.7,318530
2014-07-25,1305.3,402130
2014-07-28,1305.8,568260
2014-07-29,1300.5,1345850
2014-07-30,1296.9,1231380
2014-07-31,1282.8,1266840
2014-08-01,1294.8,1304800
2014-08-04,1288.9,626640
2014-08-05,1285.3,956480
2014-08-06,1308.2,1473080
2014-08-07,1312.5,1170730
2014-08-08,1311.0,1434320
2014-08-11,1310.5,606010
2014-08-12,1310.6,957410
2014-08-13,1314.5,952800
2014-08-14,1315.7,999030
2014-08-15,1306.2,1825790
2014-08-18,1299.3,726400
2014-08-19,1296.7,741270
2014-08-20,1295.2,799330
2014-08-21,1275.4,1319520
2014-08-22,1280.2,866550
2014-08-25,1278.9,507630
2014-08-26,1285.2,989320
2014-08-27,1283.4,637630
2014-08-28,1290.4,1059110
2014-08-29,1287.4,710250
2014-09-02,1265.0,1756800
2014-09-03,1270.3,993690
2014-09-04,1266.5,1415720
2014-09-05,1267.3,999170
2014-09-08,1254.3,1079570
2014-09-09,1248.5,1212170
2014-09-10,1245.3,1322350
2014-09-11,1239.0,1492140
2014-09-12,1231.5,1329480
2014-09-15,1235.1,909660
2014-09-16,1236.7,1189710
2014-09-17,1235.9,1257960
2014-09-18,1226.9,1399590
2014-09-19,1216.6,1694560
2014-09-22,1217.9,1292760
2014-09-23,1222.0,1477710
2014-09-24,1219.5,1267880
2014-09-25,1221.9,1740790
2014-09-26,1215.4,1409100
2014-09-29,1218.8,1001750
2014-09-30,1211.6,1742320
2014-10-01,1215.5,1397350
2014-10-02,1215.1,1428070
2014-10-03,1192.9,1796060
2014-10-06,1207.3,1396650
2014-10-07,1212.4,1353640
2014-10-08,1206.0,1816610
2014-10-09,1225.3,1571700
2014-10-10,1221.7,1124220
2014-10-13,1230.0,1170070
2014-10-14,1234.3,1072390
2014-10-15,1244.8,2509990
2014-10-16,1241.2,1751620
2014-10-17,1239.0,1110150
2014-10-20,1244.7,898140
2014-10-21,1251.7,1430070
2014-10-22,1245.5,1048390
2014-10-23,1229.1,1330220
2014-10-24,1231.8,876090
2014-10-27,1229.3,760130
2014-10-28,1229.4,1176530
2014-10-29,1224.9,1257900
2014-10-30,1198.6,1995650
2014-10-31,1171.6,2846280
2014-11-03,1169.8,1233280
2014-11-04,1167.7,1286180
2014-11-05,1145.7,2483550
2014-11-06,1142.6,1569910
2014-11-07,1169.8,2870740
2014-11-10,1159.8,1918230
2014-11-11,1163.0,1771530
2014-11-12,1159.1,1768180
2014-11-13,1161.5,1822620
2014-11-14,1185.6,2836910
2014-11-17,1183.5,1907060
2014-11-18,1197.1,1622940
2014-11-19,1193.9,2597260
2014-11-20,1190.9,1798550
2014-11-21,1197.7,1927120
2014-11-24,1196.6,691180
2014-11-25,1197.8,1196190
2014-11-28,1175.5,2407230
2014-12-01,1218.1,3277640
2014-12-02,1199.4,1560620
2014-12-03,1208.7,1332210
2014-12-04,1207.7,1117300
2014-12-05,1190.4,1449260
2014-12-08,1194.9,990590
2014-12-09,1232.0,2280240
2014-12-10,1229.4,1355690
2014-12-11,1225.6,1368600
2014-12-12,1222.5,1164670
2014-12-15,1207.7,1458430
2014-12-16,1194.3,2215710
2014-12-17,1194.5,1549620
2014-12-18,1194.8,1291270
2014-12-19,1196.0,687470
2014-12-22,1179.8,1229220
2014-12-23,1178.0,928930
2014-12-24,1173.5,401920
2014-12-26,1195.3,655710
2014-12-29,1181.9,785210
2014-12-30,1200.4,1319610
2014-12-31,1184.1,672310
2015-01-02,1186.2,1122800
2015-01-05,1204.0,1429420
2015-01-06,1219.4,1806530
2015-01-07,1210.7,1111500
2015-01-08,1208.5,1130910
2015-01-09,1216.1,1488090
2015-01-12,1232.8,1323130
2015-01-13,1234.4,1683740
2015-01-14,1234.5,1842080
2015-01-15,1264.8,2727500
2015-01-16,1276.9,2041980
2015-01-20,1294.2,2311850
2015-01-21,1293.7,1950980
2015-01-22,1300.7,1988870
2015-01-23,1292.6,1406040
2015-01-26,1279.4,1578590
2015-01-27,1292.9,842730
2015-01-28,1287.2,1406420
2015-01-29,1255.9,2335770
2015-01-30,1279.2,1562920
2015-02-02,1276.9,1114080
2015-02-03,1260.3,1669350
2015-02-04,1264.5,1271400
2015-02-05,1262.7,1050450
2015-02-06,1234.6,1891540
2015-02-09,1241.5,861010
2015-02-10,1232.2,921100
2015-02-11,1219.6,1090120
2015-02-12,1220.7,1033500
2015-02-13,1227.1,902560
2015-02-17,1208.6,1727210
2015-02-18,1200.2,1141780
2015-02-19,1207.6,1051130
2015-02-20,1204.9,1030620
2015-02-23,1200.8,1085170
2015-02-24,1197.3,1094400
2015-02-25,1201.5,975880
2015-02-26,1210.1,1221000
2015-02-27,1213.1,1073820
2015-03-02,1208.2,1282220
2015-03-03,1204.4,1468740
2015-03-04,1200.9,995390
2015-03-05,1196.2,1255640
2015-03-06,1164.3,2040430
2015-03-09,1166.5,1120180
2015-03-10,1160.1,1702230
2015-03-11,1150.6,1528740
2015-03-12,1151.9,1514990
2015-03-13,1152.4,1131410
2015-03-16,1153.2,1141950
2015-03-17,1148.2,1492860
2015-03-18,1151.3,1802950
2015-03-19,1169.0,1507270
2015-03-20,1184.6,1552330
2015-03-23,1187.7,1570850
2015-03-24,1191.4,1536510
2015-03-25,1197.0,1713730
2015-03-26,1205.7,1120280
2015-03-27,1200.7,1285830
2015-03-30,1185.3,1227240
2015-03-31,1183.2,1124620
2015-04-01,1208.2,1416100
2015-04-02,1200.9,1088840
2015-04-06,1218.6,1013510
2015-04-07,1210.6,805610
2015-04-08,1203.1,1123710
2015-04-09,1193.6,1046470
2015-04-10,1204.6,1162510
2015-04-13,1199.3,1052260
2015-04-14,1192.6,1536920
2015-04-15,1201.3,1239230
2015-04-16,1198.0,1519840
2015-04-17,1203.1,1079120
2015-04-20,1193.7,1267030
2015-04-21,1203.1,971200
2015-04-22,1186.9,1465030
2015-04-23,1194.3,1106080
2015-04-24,1175.0,1495220
2015-04-27,1203.2,1951250
2015-04-28,1213.9,1456280
2015-04-29,1210.0,1346030
2015-04-30,1182.4,1962780
2015-05-01,1174.5,1124520
2015-05-04,1186.8,1041060
2015-05-05,1193.2,1058980
2015-05-06,1190.3,1035390
2015-05-07,1182.2,1272130
2015-05-08,1188.9,1341060
2015-05-11,1183.0,1233510
2015-05-12,1192.4,1330630
2015-05-13,1218.2,2255060
2015-05-14,1225.2,1629900
2015-05-15,1225.3,1285570
2015-05-18,1227.6,1120750
2015-05-19,1206.7,1678200
2015-05-20,1208.7,1191290
2015-05-21,1204.1,1165520
2015-05-22,1204.0,1381920
2015-05-26,1187.8,919100
2015-05-27,1186.5,1392970
2015-05-28,1188.8,1416070
2015-05-29,1189.8,974740
2015-06-01,1188.7,1621330
2015-06-02,1194.4,1067110
2015-06-03,1184.9,1170940
2015-06-04,1175.2,1445590
2015-06-05,1168.1,1426280
2015-06-08,1173.6,1007560
2015-06-09,1177.6,874290
2015-06-10,1186.6,1166770
2015-06-11,1180.4,1010750
2015-06-12,1179.2,805000
2015-06-15,1185.8,1245840
2015-06-16,1180.9,939670
2015-06-17,1176.8,960540
2015-06-18,1202.0,1747380
2015-06-19,1201.9,795700
2015-06-22,1184.1,1167800
2015-06-23,1176.6,1066250
2015-06-24,1172.9,1100460
2015-06-25,1171.8,805980
2015-06-26,1173.2,999040
2015-06-29,1179.0,1363940
2015-06-30,1171.8,1398300
2015-07-01,1169.3,905980
2015-07-06,1173.2,1005810
2015-07-07,1152.6,1901680
2015-07-08,1163.5,1590020
2015-07-09,1159.2,1225630
2015-07-10,1157.9,1065100
2015-07-13,1155.4,1186070
2015-07-14,1153.5,1038140
2015-07-15,1147.4,1410770
2015-07-16,1143.9,1186130
2015-07-17,1131.9,1496220
2015-07-20,1106.8,2503360
2015-07-21,1103.5,1635970
2015-07-22,1091.5,1709190
2015-07-23,1094.1,1948390
2015-07-24,1085.5,2379010
2015-07-27,1096.9,532570
2015-07-28,1096.7,755430
2015-07-29,1093.3,1078350
2015-07-30,1088.7,1555350
2015-07-31,1095.1,1667660
2015-08-03,1089.4,1027790
2015-08-04,1090.7,1088480
2015-08-05,1085.6,1100050
2015-08-06,1090.1,900120
2015-08-07,1094.1,1650510
2015-08-10,1104.1,1429650
2015-08-11,1107.7,1865620
2015-08-12,1123.6,1840250
2015-08-13,1115.6,1253180
2015-08-14,1112.7,1006810
2015-08-17,1118.4,881290
2015-08-18,1116.9,1164420
2015-08-19,1127.9,1469940
2015-08-20,1153.2,1747970
2015-08-21,1159.6,1895820
2015-08-24,1153.6,2556240
2015-08-25,1138.3,1889890
2015-08-26,1124.6,1941260
2015-08-27,1122.6,1196910
2015-08-28,1134.0,1417840
2015-08-31,1132.5,930500
2015-09-01,1139.8,1247730
2015-09-02,1133.6,1069960
2015-09-03,1124.5,1024880
2015-09-04,1121.4,97770
2015-09-08,1121.0,1358110
2015-09-09,1102.0,1616090
2015-09-10,1109.3,1170420
2015-09-11,1103.3,1115070
2015-09-14,1107.7,713500
2015-09-15,1102.6,751090
2015-09-16,1119.0,1238770
2015-09-17,1117.0,1356870
2015-09-18,1137.8,1421080
2015-09-21,1132.8,840420
2015-09-22,1124.8,1095090
2015-09-23,1131.5,892620
2015-09-24,1153.8,2000680
2015-09-25,1145.6,1347820
2015-09-28,1131.7,1370030
2015-09-29,1126.8,1004060
2015-09-30,1115.2,1483410
2015-10-01,1113.7,769840
2015-10-02,1136.6,1787840
2015-10-05,1137.6,1104830
2015-10-06,1146.4,1166710
2015-10-07,1148.7,1087850
2015-10-08,1144.3,1161550
2015-10-09,1155.9,1299250
2015-10-12,1164.5,1067160
2015-10-13,1165.4,1300490
2015-10-14,1179.8,1820830
2015-10-15,1187.5,1810830
2015-10-16,1183.1,1029350
2015-10-19,1172.8,1029670
2015-10-20,1177.5,1161710
2015-10-21,1167.1,1158890
2015-10-22,1166.1,1134950
2015-10-23,1162.8,1453570
2015-10-26,1166.2,793750
2015-10-27,1165.8,853140
2015-10-28,1176.1,1778500
2015-10-29,1147.3,1428050
2015-10-30,1141.4,1100400
2015-11-02,1135.9,985610
2015-11-03,1114.1,1447070
2015-11-04,1106.2,1473110
2015-11-05,1104.2,1305950
2015-11-06,1087.7,1835350
2015-11-09,1088.1,1334270
2015-11-10,1088.5,1379550
2015-11-11,1084.9,1581710
2015-11-12,1081.0,1935120
2015-11-13,1080.9,1262190
2015-11-16,1083.6,1465060
2015-11-17,1068.6,1714660
2015-11-18,1068.7,1445640
2015-11-19,1077.9,1697160
2015-11-20,1076.3,1432170
2015-11-23,1066.6,672860
2015-11-24,1073.3,693170
2015-11-25,1069.7,90700
2015-11-27,1056.2,1754210
2015-11-30,1065.3,1050760
2015-12-01,1063.5,1153020
2015-12-02,1053.8,1173790
2015-12-03,1061.2,1666260
2015-12-04,1084.1,1997060
2015-12-07,1075.2,1040160
2015-12-08,1075.3,1202950
2015-12-09,1076.5,1359090
2015-12-10,1072.0,951610
2015-12-11,1075.7,1470880
2015-12-14,1063.4,1146150
2015-12-15,1061.6,1098420
2015-12-16,1076.8,1358440
2015-12-17,1049.6,1571130
2015-12-18,1065.0,1157750
2015-12-23,1068.3,640300
2015-12-24,1075.9,478860
2015-12-28,1068.3,661510
2015-12-29,1068.0,52600
2015-12-30,1059.8,52600
2015-12-31,1060.2,532720
2016-01-04,1075.2,1512330
2016-01-05,1078.4,992500
2016-01-06,1091.9,1795810
2016-01-07,1107.8,2030630
2016-01-08,1097.9,1834360
2016-01-11,1096.2,1857710
2016-01-12,1085.2,1610910
2016-01-13,1087.1,1466760
2016-01-14,1073.6,1683640
2016-01-15,1090.7,89270
2016-01-19,1089.1,1540640
2016-01-20,1106.2,1831640
2016-01-21,1098.2,1705050
2016-01-22,1096.3,1338830
2016-01-25,1105.3,1488600
2016-01-26,1120.6,895250
2016-01-27,1116.3,1248650
2016-01-28,1116.1,1460720
2016-01-29,1116.4,1260230
2016-02-01,1128.0,1097280
2016-02-02,1127.2,1074440
2016-02-03,1141.3,1810520
2016-02-04,1157.5,1682590
2016-02-05,1157.7,2060630
2016-02-08,1197.9,2327000
2016-02-09,1198.6,1801630
2016-02-10,1194.6,1591030
2016-02-11,1247.8,3455190
2016-02-16,1208.2,3198920
2016-02-17,1211.4,1568590
2016-02-18,1226.3,1731770
2016-02-19,1230.8,1684150
2016-02-22,1210.1,1556260
2016-02-23,1222.6,1758210
2016-02-24,1239.1,2604220
2016-02-25,1238.8,1992890
2016-02-26,1220.4,2103510
2016-02-29,1234.4,1744840
2016-03-01,1230.8,2111750
2016-03-02,1241.8,1750100
2016-03-03,1258.2,2167160
2016-03-04,1270.7,3514290
2016-03-07,1264.0,2088600
2016-03-08,1262.9,1983760
2016-03-09,1257.4,2171050
2016-03-10,1272.8,2949340
2016-03-11,1259.4,2259240
2016-03-14,1245.1,1980150
2016-03-15,1231.0,1690670
2016-03-16,1229.8,1956310
2016-03-17,1265.0,1967090
2016-03-18,1254.3,1523480
2016-03-21,1244.2,1651300
2016-03-22,1248.6,1781280
2016-03-23,1225.6,2484060
2016-03-24,1223.5,616130
2016-03-28,1222.0,853860
2016-03-29,1237.5,1935720
2016-03-30,1228.6,1728010
2016-03-31,1235.6,1171500
2016-04-01,1223.5,1881790
2016-04-04,1219.3,869000
2016-04-05,1229.6,1487620
2016-04-06,1223.8,1290320
2016-04-07,1237.5,1797650
2016-04-08,1243.8,1283330
2016-04-11,1258.0,1512790
2016-04-12,1260.9,1482960
2016-04-13,1248.3,1504260
2016-04-14,1226.5,1965670
2016-04-15,1234.6,1155850
2016-04-18,1235.0,1435400
2016-04-19,1254.3,2005110
2016-04-20,1254.4,1582710
2016-04-21,1250.3,2619920
2016-04-22,1230.0,1983880
2016-04-25,1240.2,1146960
2016-04-26,1243.4,1399820
2016-04-27,1250.4,1671900
2016-04-28,1266.4,2143560
2016-04-29,1290.5,2496030
2016-05-02,1295.8,1930920
2016-05-03,1291.8,2092290
2016-05-04,1274.4,2055060
2016-05-05,1272.3,1688560
2016-05-06,1294.0,2465210
2016-05-09,1266.6,2134130
2016-05-10,1264.8,1640240
2016-05-11,1275.5,2155920
2016-05-12,1271.2,2117570
2016-05-13,1272.7,1676830
2016-05-16,1274.2,1885090
2016-05-17,1276.9,1968550
2016-05-18,1274.4,2254800
2016-05-19,1254.8,2460150
2016-05-20,1252.9,1883830
2016-05-23,1251.5,2068970
2016-05-24,1232.2,2889260
2016-05-25,1226.6,1052390
2016-05-26,1222.7,1483620
2016-05-31,1217.5,2273620
2016-06-01,1214.7,1513110
2016-06-02,1212.6,1062480
2016-06-03,1242.9,2300350
2016-06-06,1247.4,1572450
2016-06-07,1247.0,1143370
2016-06-08,1262.3,1672150
2016-06-09,1272.7,1450870
2016-06-10,1275.9,1511630
2016-06-13,1286.9,1957340
2016-06-14,1288.1,1825120
2016-06-15,1288.3,1901370
2016-06-16,1298.4,3313680
2016-06-17,1294.8,2035500
2016-06-20,1292.1,1860030
2016-06-21,1272.5,1969940
2016-06-22,1270.0,1271540
2016-06-23,1263.1,1459960
2016-06-24,1322.4,5272050
2016-06-27,1324.7,2407340
2016-06-28,1317.9,1831690
2016-06-29,1326.9,1649740
2016-06-30,1320.6,1828120
2016-07-01,1339.0,638210
2016-07-05,1358.7,3370020
2016-07-06,1367.1,2262560
2016-07-07,1362.1,2045140
2016-07-08,1358.4,2871240
2016-07-11,1356.6,2173750
2016-07-12,1335.3,2462670
2016-07-13,1332.2,1950910
2016-07-14,1327.4,2513020
2016-07-15,1327.4,1842430
2016-07-18,1329.3,1594870
2016-07-19,1332.3,1441230
2016-07-20,1319.3,2122010
2016-07-21,1331.0,2413510
2016-07-22,1323.4,2115350
2016-07-25,1319.5,1251050
2016-07-26,1320.8,886580
2016-07-27,1326.7,1609650
2016-07-28,1332.3,1799840
2016-07-29,1349.0,2149280
2016-08-01,1359.6,1089340
2016-08-02,1372.6,1546810
2016-08-03,1364.7,1311230
2016-08-04,1367.4,1589350
2016-08-05,1344.4,2078280
2016-08-08,1341.3,1262440
2016-08-09,1346.7,1172800
2016-08-10,1351.9,1840370
2016-08-11,1350.0,1498800
2016-08-12,1343.2,2279430
2016-08-15,1347.5,1178000
2016-08-16,1356.9,2137290
2016-08-17,1348.8,1640910
2016-08-18,1357.2,1631040
2016-08-19,1346.2,1776820
2016-08-22,1343.4,1485660
2016-08-23,1346.1,1250070
2016-08-24,1329.7,2078270
2016-08-25,1324.6,1434680
2016-08-26,1325.9,2923050
2016-08-29,1327.1,1368510
2016-08-30,1316.5,1493130
2016-08-31,1311.4,1630050
2016-09-01,1317.1,1671110
2016-09-06,1349.2,2634090
2016-09-07,1349.2,1424660
2016-09-08,1341.6,1742460
2016-09-09,1334.5,1518600
2016-09-12,1325.6,1836910
2016-09-13,1323.7,1734100
2016-09-14,1326.1,1314240
2016-09-15,1318.0,2000750
2016-09-16,1310.2,1326420
2016-09-19,1317.8,1111070
2016-09-20,1318.2,876590
2016-09-21,1331.4,2535630
2016-09-22,1344.7,1524270
2016-09-23,1341.7,1088330
2016-09-26,1344.1,1203620
2016-09-27,1330.4,1756930
2016-09-28,1323.7,1438070
2016-09-29,1326.0,1450790
2016-09-30,1317.1,1984710
2016-10-03,1312.7,1205030
2016-10-04,1269.7,3277730
2016-10-05,1268.6,2004160
2016-10-06,1253.0,1765740
2016-10-07,1251.9,2615300
2016-10-10,1260.4,1282200
2016-10-11,1255.9,1279710
2016-10-12,1253.8,1223420
2016-10-13,1257.6,1429280
2016-10-14,1255.5,1619520
2016-10-17,1256.6,1029910
2016-10-18,1262.9,1413660
2016-10-19,1269.9,1354140
2016-10-20,1267.5,1309760
2016-10-21,1267.7,978910
2016-10-24,1263.7,1488230
2016-10-25,1273.6,1322410
2016-10-26,1266.6,1327960
2016-10-27,1269.5,1233440
2016-10-28,1276.8,2224890
2016-10-31,1273.1,1154450
2016-11-01,1288.0,1949760
2016-11-02,1308.2,2240050
2016-11-03,1303.3,2201640
2016-11-04,1304.5,2029660
2016-11-07,1279.4,2096680
2016-11-08,1274.5,1949220
2016-11-09,1273.5,7836570
2016-11-10,1266.4,3927970
2016-11-11,1224.3,4200690
2016-11-14,1221.7,3326350
2016-11-15,1224.5,2249700
2016-11-16,1223.9,1901580
2016-11-17,1216.9,2249530
2016-11-18,1208.7,2440020
2016-11-21,1209.8,1620470
2016-11-22,1211.2,2017700
2016-11-23,1192.4,34790
2016-11-25,1181.0,899410
2016-11-28,1193.8,1327800
2016-11-29,1190.8,1958870
2016-11-30,1173.9,2327480
2016-12-01,1169.4,2161690
2016-12-02,1177.8,1692240
2016-12-05,1176.5,2122760
2016-12-06,1170.1,1307140
2016-12-07,1177.5,1379000
2016-12-08,1172.4,1423630
2016-12-09,1161.9,1544170
2016-12-12,1165.8,1596390
2016-12-13,1159.0,1360290
2016-12-14,1163.7,2053260
2016-12-15,1129.8,2628770
2016-12-16,1137.4,1712850
2016-12-19,1142.7,1125360
2016-12-20,1133.6,1380580
2016-12-21,1133.2,1096730
2016-12-22,1133.6,708340
2016-12-23,1133.6,708340
2016-12-27,1138.8,1023660
2016-12-28,1140.9,1001210
2016-12-29,1158.1,1523230
2016-12-30,1151.7,1386730
2017-01-03,1162.0,2165370
2017-01-04,1165.3,1721080
2017-01-05,1181.3,2622240
2017-01-06,1173.4,2177140
2017-01-09,1184.9,1749890
2017-01-10,1185.5,2158980
2017-01-11,1196.6,3176950
2017-01-12,1199.8,2601070
2017-01-13,1196.2,282240
2017-01-17,1212.9,3686720
2017-01-18,1212.1,1952340
2017-01-19,1201.5,2415300
2017-01-20,1204.9,2360660
2017-01-23,1215.6,2313810
2017-01-24,1210.8,2119450
2017-01-25,1200.5,802020
2017-01-26,1192.5,944390
2017-01-27,1191.1,1428520
2017-01-30,1196.0,1853440
2017-01-31,1211.4,2376440
2017-02-01,1208.3,2113570
2017-02-02,1219.4,2202090
2017-02-03,1220.8,2107260
2017-02-06,1232.1,1903790
2017-02-07,1236.1,1926610
2017-02-08,1239.5,2160440
2017-02-09,1236.8,2342440
2017-02-10,1235.9,2291610
2017-02-13,1225.8,1682850
2017-02-14,1225.4,2236870
2017-02-15,1233.1,2205850
2017-02-16,1241.6,1964670
2017-02-17,1239.1,202470
2017-02-21,1238.9,2456950
2017-02-22,1233.3,1934310
2017-02-23,1251.4,2502770
2017-02-24,1258.3,2096600
2017-02-27,1258.8,2014860
2017-02-28,1253.9,2253690
2017-03-01,1250.0,3008150
2017-03-02,1232.9,2629030
2017-03-03,1226.5,2689700
2017-03-06,1225.5,1542750
2017-03-07,1216.1,1956450
2017-03-08,1209.4,2007920
2017-03-09,1203.2,2260260
2017-03-10,1201.4,2505140
2017-03-13,1203.1,1684360
2017-03-14,1202.6,1766530
2017-03-15,1200.7,2564400
2017-03-16,1227.1,2431370
2017-03-17,1230.2,1469330
2017-03-20,1234.0,1225590
2017-03-21,1246.5,2780900
2017-03-22,1249.7,2101810
2017-03-23,1250.1,389550
2017-03-24,1251.7,507280
2017-03-27,1258.8,700550
2017-03-28,1258.8,1106720
2017-03-29,1256.8,1578580
2017-03-30,1248.0,2111990
2017-03-31,1251.2,1583810
2017-04-03,1254.0,1357380
2017-04-04,1258.4,1520430
2017-04-05,1248.5,2264540
2017-04-06,1253.3,1605100
2017-04-07,1257.3,3654040
2017-04-10,1253.9,1760840
2017-04-11,1274.2,2794210
2017-04-12,1278.1,2414370
2017-04-13,1288.5,2290820
2017-04-17,1291.9,1894440
2017-04-18,1294.1,2726180
2017-04-19,1283.4,2510240
2017-04-20,1283.8,2376780
2017-04-21,1289.1,2209900
2017-04-24,1277.5,2872520
2017-04-25,1267.2,2427910
2017-04-26,1264.2,2339640
2017-04-27,1265.9,2031620
2017-04-28,1268.3,1662100
2017-05-01,1255.5,1970230
2017-05-02,1257.0,1714110
2017-05-03,1248.5,2454960
2017-05-04,1228.6,3058810
2017-05-05,1226.9,2570190
2017-05-08,1227.1,1883180
2017-05-09,1216.1,2400630
2017-05-10,1218.9,1858040
2017-05-11,1224.2,2300750
2017-05-12,1227.7,1895000
2017-05-15,1230.0,1822390
2017-05-16,1236.4,1971310
2017-05-17,1258.7,3659670
2017-05-18,1252.8,3614210
2017-05-19,1253.6,2105690
2017-05-22,1261.4,2018290
2017-05-23,1255.5,2699820
2017-05-24,1253.1,2340750
2017-05-25,1259.8,629750
2017-05-30,1265.7,2757240
2017-05-31,1275.4,1935270
2017-06-01,1270.1,1746110
2017-06-02,1280.2,2575940
2017-06-05,1282.7,1348540
2017-06-06,1297.5,2430520
2017-06-07,1293.2,2124800
2017-06-08,1279.5,2474600
2017-06-09,1271.4,2121900
2017-06-12,1268.9,1684750
2017-06-13,1268.6,1711640
2017-06-14,1275.9,3372980
2017-06-15,1254.6,2384700
2017-06-16,1256.5,1452490
2017-06-19,1246.7,1741830
2017-06-20,1243.5,1720020
2017-06-21,1245.8,1602360
2017-06-22,1249.4,1821700
2017-06-23,1256.4,1535290
2017-06-26,1246.4,2191050
2017-06-27,1246.9,2047210
2017-06-28,1249.1,1881190
2017-06-29,1245.8,2605900
2017-06-30,1242.3,2100970
2017-07-05,1221.7,3487990
2017-07-06,1223.3,1858090
2017-07-07,1209.7,3104830
2017-07-10,1213.2,2334370
2017-07-11,1214.7,2131210
2017-07-12,1219.1,2541720
2017-07-13,1217.3,2199000
2017-07-14,1227.5,2583010
2017-07-17,1233.7,1660960
2017-07-18,1241.9,2452410
2017-07-19,1242.0,1899800
2017-07-20,1245.5,2632910
2017-07-21,1261.0,510350
2017-07-24,1260.7,616160
2017-07-25,1258.5,613600
2017-07-26,1255.6,921810
2017-07-27,1266.5,1544120
2017-07-28,1275.3,2412860
2017-07-31,1273.4,1584640
2017-08-01,1279.4,2063960
2017-08-02,1278.4,2046290
2017-08-03,1274.4,1986150
2017-08-04,1264.6,2608340
2017-08-07,1264.7,1200390
2017-08-08,1262.6,2408640
2017-08-09,1279.3,2809290
2017-08-10,1290.1,2576510
2017-08-11,1294.0,2593070
2017-08-14,1290.4,2331060
2017-08-15,1279.7,2786980
2017-08-16,1282.9,2684540
2017-08-17,1292.4,3160500
2017-08-18,1291.6,3793520
2017-08-21,1296.7,2543190
2017-08-22,1291.0,2598060
2017-08-23,1294.7,2267440
2017-08-24,1292.0,2379980
2017-08-25,1297.9,3502880
2017-08-28,1315.3,3104890
2017-08-29,1318.9,4441460
2017-08-30,1314.1,3010910
2017-08-31,1322.2,3591320
2017-09-01,1330.4,529220
2017-09-05,1344.5,5462800
2017-09-06,1339.0,2975210
2017-09-07,1350.3,3540090
2017-09-08,1351.2,3772340
2017-09-11,1335.7,2920490
2017-09-12,1332.7,2811340
2017-09-13,1328.0,2980240
2017-09-14,1329.3,3276000
2017-09-15,1325.2,3132450
2017-09-18,1310.8,2597010
2017-09-19,1310.6,2680370
2017-09-20,1316.4,3436390
2017-09-21,1294.8,3881180
2017-09-22,1297.5,2564210
2017-09-25,1311.5,3572940
2017-09-26,1301.7,3767020
2017-09-27,1287.8,3640840
2017-09-28,1288.7,2799160
2017-09-29,1284.8,2806710
2017-10-02,1275.8,2673750
2017-10-03,1274.6,2029510
2017-10-04,1276.8,2663330
2017-10-05,1273.2,2177740
2017-10-06,1274.9,3615650
2017-10-09,1285.0,1950580
2017-10-10,1293.8,3084020
2017-10-11,1288.9,2587820
2017-10-12,1296.5,2399550
2017-10-13,1304.6,2905490
2017-10-16,1303.0,2658760
2017-10-17,1286.2,3281450
2017-10-18,1283.0,2502180
2017-10-19,1290.0,3454190
2017-10-20,1280.5,3088830
2017-10-23,1280.9,2769230
2017-10-24,1278.3,2620040
2017-10-25,1279.0,3684540
2017-10-26,1269.6,3775350
2017-10-27,1271.8,3525150
2017-10-30,1277.7,2539870
2017-10-31,1270.5,2646130
2017-11-01,1277.3,3765140
2017-11-02,1278.1,3740630
2017-11-03,1269.2,3615910
2017-11-06,1281.6,3406580
2017-11-07,1275.8,3279310
2017-11-08,1283.7,3460770
2017-11-09,1287.5,205590
2017-11-10,1274.2,3422810
2017-11-13,1278.9,2131870
2017-11-14,1282.9,3421500
2017-11-15,1277.7,4172510
2017-11-16,1278.2,2680210
2017-11-17,1296.5,3680940
2017-11-20,1275.3,3995520
2017-11-21,1281.7,3154630
2017-11-24,1291.8,833750
2017-11-27,1298.9,1437910
2017-11-28,1299.2,2242460
2017-11-29,1286.2,3707990
2017-11-30,1276.7,3317290
2017-12-01,1282.3,4213440
2017-12-04,1277.7,2502460
2017-12-05,1264.9,3114930
2017-12-06,1266.1,2395090
2017-12-07,1253.1,3054300
2017-12-08,1248.4,2702930
2017-12-11,1246.9,1850280
2017-12-12,1241.7,2168310
2017-12-13,1248.6,2960220
2017-12-14,1257.1,2524410
2017-12-15,1257.5,2309590
2017-12-18,1265.5,2028340
2017-12-19,1264.2,1966460
2017-12-20,1269.6,1986700
2017-12-21,1270.6,1889320
2017-12-22,1278.8,1803140
2017-12-26,1287.5,1309810
2017-12-27,1291.4,1932170
2017-12-28,1297.2,2136240
2017-12-29,1309.3,2267140
2018-01-02,1316.1,2690720
2018-01-03,1318.5,3428660
2018-01-04,1321.6,3508030
2018-01-05,1322.3,3224220
2018-01-08,1320.4,2383320
2018-01-09,1313.7,3216360
2018-01-10,1319.3,3826050
2018-01-11,1322.5,2545410
2018-01-12,1334.9,446510
2018-01-16,1337.1,4721550
2018-01-17,1339.2,3583120
2018-01-18,1327.2,3050930
2018-01-19,1333.1,2680770
2018-01-22,1331.9,3250080
2018-01-23,1336.7,3547860
2018-01-24,1361.4,1477490
2018-01-25,1368.0,1409150
2018-01-26,1357.2,1399460
2018-01-29,1345.1,2245530
2018-01-30,1340.0,3948870
2018-01-31,1343.1,3650630
2018-02-01,1347.9,3011150
2018-02-02,1337.3,4165130
2018-02-05,1336.5,2989500
2018-02-06,1329.5,4573630
2018-02-07,1314.6,3356800
2018-02-08,1319.0,3491230
2018-02-09,1315.7,3069800
2018-02-12,1326.4,2032830
2018-02-13,1330.4,1929980
2018-02-14,1358.0,4052620
2018-02-15,1355.3,2515370
2018-02-16,1356.2,214890
2018-02-20,1331.2,3575200
2018-02-21,1332.1,2442410
2018-02-22,1332.7,2019720
2018-02-23,1330.3,1650520
2018-02-26,1332.8,2379050
2018-02-27,1315.5,7100
2018-02-28,1317.9,2512630
2018-03-01,1305.2,3956510
2018-03-02,1323.4,2561120
2018-03-05,1319.9,2154680
2018-03-06,1335.2,2696910
2018-03-07,1327.6,2972810
2018-03-08,1321.7,2418110
2018-03-09,1324.0,3365710
2018-03-12,1320.8,2143920
2018-03-13,1327.1,3217900
2018-03-14,1325.6,2470270
2018-03-15,1317.8,2417460
2018-03-16,1312.3,2775680
2018-03-19,1317.8,2839440
2018-03-20,1311.9,2811460
2018-03-21,1321.5,4512370
2018-03-22,1333.2,701210
2018-03-23,1355.7,1248000
2018-03-26,1360.9,1870730
2018-03-27,1347.9,241590
2018-03-28,1330.0,3583190
2018-03-29,1327.3,2353480
2018-04-02,1352.9,49790
2018-04-03,1337.3,2766540
2018-04-04,1340.2,3348860
2018-04-05,1328.5,2662430
2018-04-06,1336.1,3611810
2018-04-09,1340.1,2220380
2018-04-10,1345.9,2781380
2018-04-11,1360.0,4675410
2018-04-12,1341.9,3746720
2018-04-13,1347.9,2539370
2018-04-16,1350.7,2583820
2018-04-17,1349.5,2677440
2018-04-18,1353.5,2987490
2018-04-19,1348.8,3255440
2018-04-20,1338.3,2698290
2018-04-23,1324.0,2765920
2018-04-24,1333.0,2677070
2018-04-25,1322.8,2566590
2018-04-26,1317.9,2858470
2018-04-27,1323.4,2327240
2018-04-30,1319.2,2874380
2018-05-01,1306.8,2673360
2018-05-02,1305.6,3508400
2018-05-03,1312.7,2972400
2018-05-04,1314.7,2998090
2018-05-07,1314.1,2304260
2018-05-08,1313.7,3982680
2018-05-09,1313.0,3724910
2018-05-10,1322.3,3624910
2018-05-11,1320.7,2599230
2018-05-14,1318.2,2358920
2018-05-15,1290.3,4618310
2018-05-16,1291.5,3211970
2018-05-17,1289.4,2896780
2018-05-18,1291.3,2549230
2018-05-21,1290.9,3137550
2018-05-22,1297.4,421540
2018-05-23,1294.8,616160
2018-05-24,1309.8,996860
2018-05-25,1309.0,611950
2018-05-29,1304.1,3482900
2018-05-30,1306.5,3201220
2018-05-31,1304.7,2931320
2018-06-01,1299.3,3083940
2018-06-04,1297.3,2094430
2018-06-05,1302.2,2577700
2018-06-06,1301.4,2393910
2018-06-07,1303.0,2393020
2018-06-08,1302.7,2113350
2018-06-11,1303.2,2063330
2018-06-12,1299.4,2274020
2018-06-13,1301.3,2548370
2018-06-14,1308.3,3321120
2018-06-15,1278.5,4953640
2018-06-18,1280.1,1807720
2018-06-19,1278.6,2729420
2018-06-20,1274.5,2233230
2018-06-21,1270.5,2684810
2018-06-22,1270.7,1771990
2018-06-25,1268.9,1912580
2018-06-26,1259.9,2439180
2018-06-27,1256.1,2500080
2018-06-28,1251.0,2349810
2018-06-29,1254.5,2210770
2018-07-02,1241.7,2515330
2018-07-03,1253.5,1456780
2018-07-05,1258.8,3724680
2018-07-06,1255.8,1957500
2018-07-09,1259.6,2317240
2018-07-10,1255.4,2667480
2018-07-11,1244.4,2935550
2018-07-12,1246.6,2161040
2018-07-13,1241.2,2486620
2018-07-16,1239.7,1789080
2018-07-17,1227.3,3042510
2018-07-18,1227.9,2721260
2018-07-19,1224.0,4140220
2018-07-20,1231.1,3422150
2018-07-23,1234.4,751220
2018-07-24,1234.6,644510
2018-07-25,1241.0,555390
2018-07-26,1235.3,990960
2018-07-27,1232.7,1509030
2018-07-30,1231.5,1786040
2018-07-31,1233.6,2876490
2018-08-01,1227.6,2100760
2018-08-02,1210.6,4110
2018-08-03,1223.2,2723860
2018-08-06,1208.6,2970
2018-08-07,1218.3,1996910
2018-08-08,1221.0,2557060
2018-08-09,1219.9,2251660
2018-08-10,1219.0,3176570
2018-08-13,1198.9,3630690
2018-08-14,1193.0,920
2018-08-15,1185.0,3640390
2018-08-16,1184.0,3536660
2018-08-17,1184.2,2466950
2018-08-20,1194.6,1999640
2018-08-21,1200.0,2111490
2018-08-22,1203.3,2273670
2018-08-23,1194.0,2261930
2018-08-24,1213.3,2865190
2018-08-27,1216.0,2051400
2018-08-28,1207.4,1360
2018-08-29,1211.5,2357210
2018-08-30,1205.0,2763690
2018-08-31,1206.7,1177500
2018-09-04,1199.1,4027040
2018-09-05,1201.3,2035750
2018-09-06,1204.3,2788510
2018-09-07,1200.4,2723240
2018-09-10,1199.8,2072440
2018-09-11,1202.2,2533260
2018-09-12,1210.9,2922750
2018-09-13,1208.2,2956580
2018-09-14,1201.1,2760040
2018-09-17,1205.8,2057610
2018-09-18,1202.9,2230800
2018-09-20,1211.3,2326930
2018-09-21,1201.3,3333690
2018-09-24,1204.4,2071220
2018-09-25,1205.1,1921090
2018-09-26,1199.1,3304810
2018-09-27,1182.3,49470
2018-09-28,1196.2,3009280
2018-10-01,1191.7,2136170
2018-10-02,1207.0,3502400
2018-10-03,1202.9,2468320
2018-10-04,1201.6,2803140
2018-10-05,1205.6,2502190
2018-10-08,1184.4,2500
2018-10-09,1191.5,2369410
2018-10-10,1193.4,2431180
2018-10-11,1227.6,5030850
2018-10-12,1222.0,3093920
2018-10-15,1226.4,1360
2018-10-16,1231.0,2333930
2018-10-17,1227.4,2282070
2018-10-18,1230.1,2391330
2018-10-19,1228.7,1886480
2018-10-22,1224.6,1801320
2018-10-23,1236.8,2763250
2018-10-24,1231.1,2042890
2018-10-25,1232.4,2527800
2018-10-26,1235.8,3048960
2018-10-29,1227.6,2252040
2018-10-30,1225.3,2186240
2018-10-31,1215.0,2318550
2018-11-01,1238.6,2932510
2018-11-02,1233.3,2495870
2018-11-05,1232.3,1572530
2018-11-06,1226.3,1886600
2018-11-07,1228.7,2520720
2018-11-08,1225.1,2296140
2018-11-09,1208.6,3064620
2018-11-13,1199.2,50
2018-11-14,1210.1,2687880
2018-11-15,1215.0,2349660
2018-11-16,1223.0,2373670
2018-11-19,1225.3,1899070
2018-11-20,1221.2,2458880
2018-11-23,1223.2,2349080
2018-11-26,1228.7,1416460
2018-11-27,1219.9,1326940
2018-11-28,1229.8,1995180
2018-11-29,1230.4,2296280
2018-11-30,1226.0,1587630
2018-12-03,1239.6,2338160
2018-12-04,1246.6,2145140
2018-12-05,1242.6,1042830
2018-12-06,1243.6,2388600
2018-12-07,1252.6,2154140
2018-12-10,1249.4,1909570
2018-12-11,1247.2,1760250
2018-12-12,1250.0,1444620
2018-12-13,1247.4,1484960
2018-12-14,1241.4,1836250
2018-12-17,1251.8,1565080
2018-12-18,1253.6,1643610
2018-12-19,1256.4,2613310
2018-12-20,1267.9,3038140
2018-12-21,1258.1,2000240
2018-12-24,1271.8,1304550
2018-12-26,1273.0,1981750
2018-12-27,1281.1,2007170
2018-12-28,1283.0,1553540
2018-12-31,1281.3,1089130
2019-01-02,1284.1,2225780
2019-01-03,1294.8,2295320
2019-01-04,1285.8,2990760
2019-01-07,1289.9,1971760
2019-01-08,1285.9,2064390
2019-01-09,1292.0,2324910
2019-01-10,1287.4,2279420
2019-01-11,1289.5,2003930
2019-01-15,1288.4,2296240
2019-01-16,1293.8,1732840
2019-01-17,1292.3,1882410
2019-01-18,1282.6,1008260
2019-01-22,1283.4,3077040
2019-01-23,1290.2,608190
2019-01-24,1285.9,687840
2019-01-25,1304.2,878780
2019-01-28,1309.3,1228690
2019-01-29,1315.2,1717690
2019-01-30,1315.5,2625390
2019-01-31,1325.2,2155520
2019-02-01,1322.1,1929240
2019-02-04,1319.3,1476990
2019-02-05,1319.2,1227580
2019-02-06,1314.4,1332440
2019-02-07,1314.2,1597280
2019-02-08,1318.5,1318640
2019-02-11,1307.0,1190
2019-02-12,1314.0,1441190
2019-02-13,1310.8,1430
2019-02-14,1313.9,2194850
2019-02-19,1344.8,3343250
2019-02-20,1347.9,2352910
2019-02-21,1327.8,2773890
2019-02-22,1332.8,2367370
2019-02-25,1329.5,1763220
2019-02-26,1328.5,1792920
2019-02-27,1317.7,6040
2019-02-28,1316.1,2388040
2019-03-01,1299.2,3287800
2019-03-04,1287.5,2536310
2019-03-05,1284.7,2076400
2019-03-06,1287.6,1871950
2019-03-07,1286.1,2461030
2019-03-08,1299.3,2708050
2019-03-11,1291.1,1873050
2019-03-13,1309.3,2042460
2019-03-14,1293.4,10
2019-03-15,1302.9,2246850
2019-03-18,1301.5,1725610
2019-03-19,1306.5,2030290
2019-03-21,1313.6,598290
2019-03-22,1318.7,787160
2019-03-25,1329.0,839490
2019-03-26,1321.4,1197760
2019-03-27,1316.9,1970670
2019-03-28,1295.3,4070790
2019-03-29,1298.5,2603810
2019-04-01,1294.2,2298960
2019-04-02,1295.4,1906670
2019-04-03,1295.3,1864200
2019-04-04,1294.3,2503060
2019-04-05,1295.6,2276170
2019-04-08,1297.1,630
2019-04-09,1308.3,1966700
2019-04-10,1313.9,2129490
2019-04-11,1293.3,3111010
2019-04-12,1295.2,1851770
2019-04-15,1291.3,2222090
2019-04-16,1277.2,3088660
2019-04-17,1276.8,2099650
2019-04-18,1276.0,2196950
2019-04-22,1277.6,1333270
2019-04-23,1273.2,2713770
2019-04-24,1279.4,2359660
2019-04-25,1279.7,2305430
2019-04-26,1288.8,2680330
2019-04-29,1281.5,1992970
2019-04-30,1282.8,1140
2019-05-01,1284.2,2699440
2019-05-02,1272.0,2738950
2019-05-03,1281.3,2693530
2019-05-06,1283.8,2406720
2019-05-07,1285.6,2415020
2019-05-08,1281.4,2882970
2019-05-09,1285.2,2968150
2019-05-10,1287.4,2272370
2019-05-13,1301.8,3624800
2019-05-14,1296.3,2150090
2019-05-15,1297.8,2410400
2019-05-16,1286.2,2569060
2019-05-17,1275.7,2551250
2019-05-20,1277.3,2062700
2019-05-21,1273.2,2049840
2019-05-22,1274.2,1864040
2019-05-23,1291.0,716300
2019-05-24,1289.2,236850
2019-05-28,1282.5,2070530
2019-05-29,1286.3,1946960
2019-05-30,1287.1,555730
2019-05-31,1311.1,3221760
2019-06-03,1327.9,3470540
2019-06-04,1323.4,3020
2019-06-05,1333.6,3918800
2019-06-06,1342.7,2524640
2019-06-07,1346.1,3140480
2019-06-10,1329.3,2205330
2019-06-11,1331.2,2041790
2019-06-12,1336.8,2269290
2019-06-13,1343.7,1978760
2019-06-14,1344.5,3460860
2019-06-17,1342.9,2308330
2019-06-18,1350.7,3648390
2019-06-19,1348.8,3207200
2019-06-20,1396.9,5117670
2019-06-21,1400.1,4966450
2019-06-24,1418.2,3599310
2019-06-25,1418.7,6183090
2019-06-26,1411.6,840
2019-06-27,1412.0,3245560
2019-06-28,1409.7,2979640
2019-07-01,1385.6,2140
2019-07-02,1408.0,3722030
2019-07-03,1420.9,1188320
2019-07-05,1400.1,5555640
2019-07-08,1400.0,3039060
2019-07-09,1400.5,2760080
2019-07-10,1412.5,4264380
2019-07-11,1406.7,3807650
2019-07-12,1412.2,2720920
2019-07-15,1413.5,2312660
2019-07-16,1411.2,3271800
2019-07-18,1428.1,4677730
2019-07-19,1426.7,5091380
2019-07-22,1426.9,2476080
2019-07-23,1421.7,3801160
2019-07-24,1436.5,652180
2019-07-25,1427.5,1129020
2019-07-29,1433.3,1684470
2019-07-30,1441.8,2483180
2019-07-31,1437.8,4068860
2019-08-01,1432.4,5675230
2019-08-02,1457.5,4711090
2019-08-05,1464.6,10080
2019-08-06,1484.2,3759370
2019-08-07,1507.3,8240
2019-08-08,1509.5,3853400
2019-08-09,1508.5,3255900
2019-08-12,1517.2,3383400
2019-08-13,1514.1,5980820
2019-08-14,1527.8,4745080
2019-08-15,1531.2,4286180
2019-08-16,1523.6,3145970
2019-08-19,1511.6,2893290
2019-08-20,1515.7,2403910
2019-08-21,1515.7,2389720
2019-08-23,1537.6,4592030
2019-08-26,1537.2,4075000
2019-08-27,1551.8,3348730
2019-08-28,1549.1,3425560
2019-08-29,1536.9,4394280
2019-08-30,1529.2,3206570
2019-09-03,1555.9,5415750
2019-09-04,1560.4,4047790
2019-09-05,1525.5,5867380
2019-09-06,1506.2,540
2019-09-09,1511.1,3123500
2019-09-10,1499.2,3903570
2019-09-11,1503.2,2968490
2019-09-12,1507.4,4806620
2019-09-17,1513.4,3297510
2019-09-18,1515.8,3521790
2019-09-19,1506.2,2818650
2019-09-23,1531.5,3495890
2019-09-24,1532.1,250
2019-09-25,1512.3,4627420
2019-09-26,1515.2,3679340
2019-09-27,1506.4,4362890
2019-09-30,1472.9,4247590
2019-10-01,1489.0,4408040
2019-10-02,1501.0,2050
2019-10-03,1513.8,4001300
2019-10-04,1506.2,2330
2019-10-08,1497.2,460
2019-10-09,1512.8,2772420
2019-10-10,1500.9,4018490
2019-10-11,1488.7,4626930
2019-10-14,1497.6,2210490
2019-10-15,1483.5,3071050
2019-10-16,1494.0,3600830
2019-10-17,1498.3,2965460
2019-10-18,1488.2,820
2019-10-21,1488.1,2721950
2019-10-22,1487.5,2009310
2019-10-23,1495.7,2354830
2019-10-24,1504.7,2900740
2019-10-25,1499.5,930
2019-10-28,1495.8,3104720
2019-10-29,1490.7,2830380
2019-10-30,1493.2,3200
2019-10-31,1514.8,3753940
2019-11-01,1508.0,2350
2019-11-04,1511.1,2504750
2019-11-05,1483.7,5730180
2019-11-06,1493.1,3024000
2019-11-11,1457.1,2953940
2019-11-12,1452.1,60
2019-11-13,1463.3,3359800
2019-11-14,1473.4,3121080
2019-11-18,1471.9,3250330
2019-11-19,1473.3,180
2019-11-20,1470.0,310
2019-11-21,1470.5,739790
2019-11-22,1468.8,779020
2019-11-25,1463.8,1212380
2019-11-26,1467.4,2717540
2019-11-27,1453.4,881640
2019-11-29,1472.7,2592900
2019-12-02,1469.2,3042420
2019-12-03,1478.2,14600
2019-12-04,1480.2,3119090
2019-12-05,1483.1,2318440
2019-12-06,1459.1,8990
2019-12-09,1464.9,1636820
2019-12-10,1462.6,3670
2019-12-12,1472.3,3966570
2019-12-13,1475.6,4680
2019-12-16,1480.5,1604160
2019-12-17,1480.6,1673590
2019-12-18,1478.7,1909750
2019-12-19,1478.2,3190
2019-12-23,1488.7,1558020
2019-12-26,1514.4,2135920
2019-12-27,1518.1,1947360
2019-12-30,1518.6,1698130
2019-12-31,1519.5,3010
2020-01-02,1528.1,2578670
2020-01-03,1549.2,1070
2020-01-06,1568.8,5390230
2020-01-07,1574.3,4181450
2020-01-08,1560.2,7872170
2020-01-09,1554.3,3545230
2020-01-10,1557.5,160
2020-01-13,1550.6,2966190
2020-01-14,1544.6,3237820
2020-01-15,1554.0,2977770
2020-01-16,1550.5,2530760
2020-01-21,1556.4,450
2020-01-22,1556.7,2765210
2020-01-23,1571.6,653190
2020-01-27,1583.7,1344230
2020-01-28,1575.8,1910390
2020-01-29,1576.0,2253890
2020-01-30,1589.2,3712860
2020-01-31,1582.9,10950
2020-02-03,1582.4,3034580
2020-02-04,1555.5,3281920
2020-02-05,1562.8,2974180
2020-02-06,1570.0,2216120
2020-02-07,1568.6,4310
2020-02-10,1579.5,1862470
2020-02-11,1565.6,4400
2020-02-12,1571.6,1834100
2020-02-13,1578.8,2642930
2020-02-18,1600.0,3100
2020-02-19,1611.8,2985360
2020-02-20,1620.5,3891440
2020-02-21,1644.6,1860
2020-02-25,1650.0,6546600
2020-02-26,1643.1,5157710
2020-02-27,1642.5,5605470
2020-03-02,1592.3,5370
2020-03-03,1642.1,6100
2020-03-04,1643.0,2972510
2020-03-05,1666.4,1540
2020-03-06,1672.4,6190510
2020-03-09,1675.7,4671100
2020-03-10,1659.1,480
2020-03-11,1642.3,3734620
2020-03-12,1590.3,5534570
2020-03-13,1516.7,5244710
2020-03-16,1486.5,5358600
2020-03-17,1524.9,1220
2020-03-18,1477.9,4123320
2020-03-19,1479.3,3060160
2020-03-23,1572.7,958480
2020-03-24,1660.2,4420
2020-03-25,1634.3,1045470
2020-03-26,1660.3,1348610
2020-03-30,1643.2,1442900
2020-03-31,1583.4,26940
2020-04-01,1591.4,1593770
2020-04-02,1637.7,1621510
2020-04-03,1633.7,6430
2020-04-06,1677.0,10630
2020-04-07,1683.7,1942630
2020-04-08,1684.3,1213460
2020-04-13,1744.8,6960
2020-04-14,1768.9,2344390
2020-04-15,1740.2,1813420
2020-04-16,1731.7,1998230
2020-04-17,1689.2,2230
2020-04-20,1711.2,1836360
2020-04-21,1687.8,2407430
2020-04-22,1738.3,1878640
2020-04-23,1745.4,1944950
2020-04-24,1723.5,2210
2020-04-27,1723.8,1427210
2020-04-28,1722.2,1666060
2020-04-29,1703.4,3730
2020-04-30,1694.2,2287300
2020-05-01,1694.5,3370
2020-05-04,1713.3,1463070
2020-05-05,1710.6,1795770
2020-05-06,1688.5,1963130
2020-05-07,1725.8,2333810
2020-05-08,1709.9,3300
2020-05-11,1698.0,1844550
2020-05-12,1706.8,1826750
2020-05-13,1716.4,2045330
2020-05-14,1740.9,2086010
2020-05-18,1734.4,2648480
2020-05-19,1745.6,1816730
2020-05-20,1750.6,160
2020-05-21,1721.9,2259410
2020-05-26,1728.2,1465820
2020-05-27,1726.8,1567460
2020-05-28,1728.3,1591740
2020-05-29,1736.9,14060
2020-06-01,1750.3,1428070
2020-06-02,1734.0,1720300
2020-06-03,1704.8,2490360
2020-06-04,1727.4,1938730
2020-06-05,1683.0,2670860
2020-06-08,1705.1,1514610
2020-06-09,1721.9,1781280
2020-06-10,1720.7,1955930
2020-06-11,1739.8,2022140
2020-06-12,1737.3,1481760
2020-06-15,1727.2,1952050
2020-06-16,1736.5,1777020
2020-06-17,1735.6,1378790
2020-06-18,1731.1,1526280
2020-06-19,1753.0,1749810
2020-06-22,1766.4,2194600
2020-06-23,1782.0,1900180
2020-06-24,1775.1,2306100
2020-06-25,1770.6,1487880
2020-06-26,1780.3,1959630
2020-06-29,1781.2,1284410
2020-06-30,1800.5,1903510
2020-07-01,1779.9,2585410
2020-07-02,1790.0,1810170
2020-07-06,1793.5,1405640
2020-07-07,1809.9,2172290
2020-07-08,1820.6,2327080
2020-07-09,1803.8,2652800
2020-07-10,1801.9,2082640
2020-07-13,1814.1,2180060
2020-07-14,1813.4,2359920
2020-07-15,1813.8,1792670
2020-07-16,1800.3,1908410
2020-07-17,1810.0,1626840
2020-07-20,1817.4,1739830
2020-07-21,1843.9,2656770
2020-07-22,1865.1,3767050
2020-07-23,1890.0,4003580
2020-07-24,1897.5,2880880
2020-07-27,1955.4,1274870
2020-07-28,1963.9,1544850
2020-07-29,1976.7,1910330
2020-07-30,1966.8,2686060
2020-07-31,1985.9,2754600
2020-08-03,1986.3,1767290
2020-08-04,2021.0,2697900
2020-08-05,2049.3,3619490
2020-08-06,2069.4,3075170
2020-08-07,2028.0,3910170
2020-08-10,2039.7,2486440
2020-08-11,1946.3,5566170
2020-08-12,1949.0,4503940
2020-08-13,1970.4,3460000
2020-08-14,1949.8,2370920
2020-08-17,1998.7,2855800
2020-08-18,2013.1,3582720
2020-08-19,1970.3,4404050
2020-08-20,1946.5,3789700
2020-08-21,1947.0,3527730
2020-08-24,1939.2,2845400
2020-08-25,1923.1,2716410
2020-08-26,1952.5,3380490
2020-08-27,1932.6,4619900
2020-08-28,1974.9,3296090
2020-08-31,1978.6,2425770
2020-09-01,1978.9,3002270
2020-09-02,1944.7,3261300
2020-09-03,1937.8,3002820
2020-09-04,1934.3,3009210
2020-09-08,1943.2,4120830
2020-09-09,1954.9,2241900
2020-09-11,1947.9,2028590
2020-09-14,1963.7,1967630
2020-09-15,1966.2,2326980
2020-09-16,1970.5,2870730
2020-09-17,1949.9,2631920
2020-09-18,1962.1,1742420
2020-09-21,1910.6,3805260
2020-09-22,1907.6,2794410
2020-09-23,1868.4,4020110
2020-09-24,1876.9,3383610
2020-09-25,1866.3,2260760
2020-09-28,1882.3,2329070
2020-09-29,1903.2,2134820
2020-09-30,1895.5,2564460
2020-10-01,1916.3,2570470
2020-10-02,1907.6,2096960
2020-10-05,1920.1,1760900
2020-10-06,1908.8,1726050
2020-10-07,1890.8,1832950
2020-10-08,1895.1,1799680
2020-10-09,1926.2,2248080
2020-10-12,1928.9,1559060
2020-10-13,1894.6,2600440
2020-10-14,1907.3,1853740
2020-10-15,1908.9,2056150
2020-10-16,1906.4,1440940
2020-10-19,1911.7,1554790
2020-10-21,1929.5,1947540
2020-10-22,1904.6,2080870
2020-10-23,1905.2,1681480
2020-10-26,1905.7,1618410
2020-10-27,1911.9,1490560
2020-10-29,1868.0,2195920
2020-11-02,1892.5,1619580
2020-11-06,1951.7,2339030
2020-11-11,1861.6,2010670
2020-11-12,1873.3,1995430
2020-11-16,1887.8,2179910
2020-11-17,1885.1,1550990
2020-11-25,1811.2,1211120
2020-11-27,1788.1,2770910
2020-11-30,1780.9,2352850
2020-12-01,1818.9,1971840
2020-12-03,1841.1,1779880
2020-12-04,1840.0,1673010
2020-12-08,1874.9,1479020
2020-12-09,1838.5,2168430
2020-12-10,1837.4,1625130
2020-12-11,1843.6,1506340
2020-12-15,1855.3,1692180
2020-12-16,1859.1,1967020
2020-12-17,1890.4,2131700
2020-12-18,1888.9,1499600
2020-12-21,1882.8,2269970
2020-12-22,1870.3,1731830
2020-12-23,1878.1,1578560
2020-12-24,1883.2,874450
2020-12-28,1880.4,1945450
2020-12-29,1882.9,1459050
2020-12-30,1893.4,1286880
2020-12-31,1895.1,1275780
2021-01-04,1946.6,2616750
2021-01-05,1954.4,1921110
2021-01-06,1908.6,3561820
2021-01-07,1913.6,1923650
2021-01-08,1835.4,4224850
2021-01-11,1850.8,2531900
2021-01-13,1854.9,2035440
2021-01-14,1851.4,2421260
2021-01-15,1829.9,2247250
2021-01-19,1840.2,3248290
2021-01-22,1859.9,747630
2021-01-25,1859.0,861970
2021-01-26,1854.8,898950
2021-01-29,1850.3,2694740
2021-02-01,1863.9,2376500
2021-02-02,1833.4,2266760
2021-02-03,1835.1,1345520
2021-02-04,1791.2,2697310
2021-02-05,1813.0,2026120
2021-02-08,1834.2,1719780
2021-02-09,1837.5,1513530
2021-02-10,1842.7,1735080
2021-02-11,1826.8,1435970
2021-02-19,1777.4,2472880
2021-02-22,1808.4,2161290
2021-02-23,1805.9,1870780
2021-02-24,1797.9,2202400
2021-03-01,1723.0,2380370
2021-03-02,1733.6,2305140
2021-03-03,1715.8,2517410
2021-03-04,1700.7,2710770
2021-03-05,1698.5,2549270
2021-03-08,1678.0,2581000
2021-03-09,1716.9,2335650
2021-03-10,1721.8,2136790
2021-03-11,1722.6,1971680
2021-03-12,1719.8,2229950
2021-03-15,1729.2,1588390
2021-03-16,1730.9,1704630
2021-03-17,1727.1,2140840
2021-03-18,1734.6,189420
2021-03-19,1743.9,368590
2021-03-22,1740.4,362600
2021-03-24,1735.5,688200
2021-03-26,1734.7,988820
2021-03-29,1714.6,1718760
2021-03-30,1686.0,2188120
2021-03-31,1715.6,2053460
2021-04-01,1728.4,1666880
2021-04-05,1728.8,1005750
2021-04-08,1758.2,1406480
2021-04-09,1744.8,1650110
2021-04-16,1780.2,1679440
2021-04-19,1770.6,1781140
2021-04-20,1778.4,1650140
2021-04-23,1777.8,1717720
2021-04-27,1778.8,1404690
2021-04-28,1773.9,1906260
2021-05-04,1776.0,2250830
2021-05-10,1837.6,2546570
2021-05-12,1822.8,3239110
2021-05-13,1824.0,2384430
2021-05-14,1838.1,2220900
2021-05-20,1883.9,431100
2021-05-21,1878.9,517990
2021-05-24,1886.7,518240
2021-05-26,1903.8,1726960
2021-05-28,1905.3,1940690
2021-06-02,1909.9,1604140
2021-06-07,1898.8,1423150
2021-06-08,1894.4,1701660
2021-06-09,1895.5,1438910
2021-06-10,1896.4,2446980
2021-06-11,1879.6,2136810
2021-06-14,1865.9,2357080
2021-06-15,1856.4,1524100
2021-06-16,1861.4,2286050
2021-06-17,1774.8,3723680
2021-06-18,1769.0,2546410
2021-06-21,1782.9,1872490
2021-06-22,1777.4,1672930
2021-06-23,1783.4,1750840
2021-06-24,1776.7,1488720
2021-06-25,1777.8,1581210
2021-06-28,1780.7,1584670
2021-06-29,1763.6,2327010
2021-06-30,1771.6,1691110
2021-07-01,1776.8,1672600
2021-07-02,1783.3,2023650
2021-07-06,1794.2,2730150
2021-07-07,1802.1,1680500
2021-07-08,1800.2,2340210
2021-07-09,1810.6,1729280
2021-07-12,1805.9,1881540
2021-07-13,1809.9,2276380
2021-07-14,1825.0,2049980
2021-07-15,1829.0,1687880
2021-07-16,1815.0,1815350
2021-07-19,1809.2,2476510
2021-07-20,1811.4,2167470
2021-07-21,1807.4,640120
2021-07-22,1809.2,533430
2021-07-23,1805.9,882140
2021-07-26,1803.4,813900
2021-07-27,1804.0,767070
2021-07-28,1804.6,1952980
2021-07-29,1835.8,2049180
2021-07-30,1817.2,1522360
2021-08-02,1822.2,1574140
2021-08-03,1814.1,1014600
2021-08-04,1814.5,2371400
2021-08-05,1808.9,1662870
2021-08-06,1763.1,3057780
2021-08-09,1726.5,2823880
2021-08-10,1731.7,1782530
2021-08-11,1753.3,1813060
2021-08-12,1751.8,1339900
2021-08-13,1778.2,1406890
2021-08-16,1789.8,1338210
2021-08-17,1787.8,1424760
2021-08-18,1784.4,1311900
2021-08-19,1783.1,1475340
2021-08-20,1784.0,1064950
2021-08-23,1806.3,1502380
2021-08-24,1808.5,1129530
2021-08-25,1791.0,1605250
2021-08-26,1795.2,1310780
2021-08-27,1819.5,1987600
2021-08-30,1812.2,1025790
2021-08-31,1818.1,1622090
2021-09-01,1816.0,1388020
2021-09-02,1811.5,1110990
2021-09-03,1833.7,1819320
2021-09-07,1798.5,2485980
2021-09-08,1793.5,1581040
2021-09-09,1800.0,1520370
2021-09-10,1792.1,1341480
2021-09-13,1794.4,1108700
2021-09-14,1807.1,1938350
2021-09-15,1794.8,1375130
2021-09-16,1756.7,2436130
2021-09-17,1751.4,1806730
2021-09-20,1763.8,1505730
2021-09-21,1778.2,1399000
2021-09-22,1778.8,1699370
2021-09-23,1749.8,2200980
2021-09-24,1751.7,1477360
2021-09-27,1752.0,1358110
2021-09-28,1737.5,2118210
2021-09-29,1722.9,1754200
2021-09-30,1757.0,2379670
2021-10-01,1758.4,1488900
2021-10-04,1767.6,1639440
2021-10-05,1760.9,1500830
2021-10-06,1761.8,1566750
2021-10-07,1759.2,1438810
2021-10-08,1757.4,2348100
2021-10-11,1755.7,1131140
2021-10-12,1759.3,1653670
2021-10-13,1794.7,2924400
2021-10-14,1797.9,1605750
2021-10-15,1768.3,1993060
2021-10-18,1765.7,1512750
2021-10-19,1770.5,1635900
2021-10-20,1784.9,1712910
2021-10-21,1781.9,1369360
2021-10-22,1796.3,3017660
2021-10-25,1806.8,1482220
2021-10-26,1793.4,1956020
2021-10-27,1798.8,1801960
2021-10-28,1802.6,2164640
2021-10-29,1783.9,2485530
2021-11-01,1795.8,1403660
2021-11-02,1789.4,1415900
2021-11-03,1763.9,2480470
2021-11-04,1793.5,2130340
2021-11-05,1816.8,2765800
2021-11-08,1828.0,1800980
2021-11-09,1830.8,2023630
2021-11-10,1848.3,3232660
2021-11-11,1863.9,1787010
2021-11-12,1868.5,1920070
2021-11-15,1866.6,2082170
2021-11-16,1854.1,2124950
2021-11-17,1872.8,303190
2021-11-18,1864.0,482410
2021-11-19,1854.3,613070
2021-11-22,1809.1,1361640
2021-11-23,1786.3,1467540
2021-11-24,1786.9,1013040
2021-11-26,1788.1,1736050
2021-11-29,1785.2,1453470
2021-11-30,1776.5,2345880
2021-12-01,1784.3,1721760
2021-12-02,1762.7,1644920
2021-12-03,1783.9,1700920
2021-12-06,1779.5,998400
2021-12-07,1784.7,1245830
2021-12-08,1785.5,1065550
2021-12-09,1776.7,1210450
2021-12-10,1784.8,1400320
2021-12-13,1788.3,1039990
2021-12-14,1772.3,1481820
2021-12-15,1764.5,1580710
2021-12-16,1798.2,1641020
2021-12-17,1804.9,1526400
2021-12-20,1794.6,1041460
2021-12-21,1788.7,1311200
2021-12-22,1802.2,1072010
2021-12-23,1811.7,1011780
2021-12-27,1808.8,803230
2021-12-28,1810.9,976050
2021-12-29,1805.8,1356500
2021-12-30,1814.1,1101420
2021-12-31,1828.6,1013240
2022-01-03,1800.1,1633000
2022-01-04,1814.6,1621240
2022-01-05,1825.1,1676510
2022-01-06,1789.2,2331800
2022-01-07,1797.4,2189410
2022-01-10,1798.8,1539340
2022-01-11,1818.5,1651520
2022-01-12,1827.3,1735490
2022-01-13,1821.4,1973050
2022-01-14,1816.5,1649130
2022-01-18,1812.4,3473050
2022-01-19,1845.5,847880
2022-01-20,1844.9,782020
2022-01-21,1834.1,665960
2022-01-24,1844.2,1005860
2022-01-25,1855.0,715950
2022-01-26,1832.0,1464410
2022-01-27,1795.0,1980300
2022-01-28,1786.6,2118390
2022-01-31,1796.4,1346230
2022-02-01,1801.5,1252280
2022-02-02,1810.3,1200570
2022-02-03,1804.1,1687830
2022-02-04,1807.8,1755210
2022-02-07,1821.8,1371120
2022-02-08,1827.9,1381510
2022-02-09,1836.6,1287350
2022-02-10,1837.4,2218860
2022-02-11,1842.1,2324250
2022-02-14,1869.4,2202920
2022-02-15,1856.2,2084280
2022-02-16,1871.5,1363480
2022-02-17,1902.0,2516800
2022-02-18,1899.8,1554840
2022-02-22,1907.4,3232100
2022-02-23,1910.4,1514170
2022-02-24,1926.3,4099540
2022-02-25,1887.6,2209630
2022-02-28,1900.7,2394160
2022-03-01,1943.8,2150910
2022-03-02,1922.3,2210280
2022-03-03,1935.9,1709940
2022-03-04,1966.6,2282050
2022-03-07,1995.9,3455260
2022-03-08,2043.3,4136240
2022-03-09,1988.2,3298220
2022-03-10,2000.4,2799440
2022-03-11,1985.0,2342580
2022-03-14,1960.8,1468700
2022-03-15,1929.7,2087520
2022-03-16,1909.2,1884710
2022-03-17,1948.2,326400
2022-03-18,1933.9,340500
2022-03-21,1934.8,464030
2022-03-22,1926.7,461650
2022-03-23,1942.6,481410
2022-03-24,1967.7,652180
2022-03-25,1959.8,601370
2022-03-28,1944.7,1065630
2022-03-29,1918.0,2073310
2022-03-30,1939.0,1332010
2022-03-31,1954.0,1437560
2022-04-01,1923.7,1297700
2022-04-04,1934.0,1060620
2022-04-05,1927.5,1427360
2022-04-06,1923.1,1490650
2022-04-07,1937.8,1196720
2022-04-08,1945.6,1385210
2022-04-11,1948.2,1791150
2022-04-12,1976.1,1672670
2022-04-13,1984.7,1283530
2022-04-14,1974.9,1369060
2022-04-18,1986.4,1354910
2022-04-19,1959.0,1760330
2022-04-20,1955.6,1360170
2022-04-21,1948.2,1497000
2022-04-22,1934.3,1723350
2022-04-25,1896.0,2221750
2022-04-26,1904.1,1591980
2022-04-27,1888.7,1687590
2022-04-28,1891.3,1669790
2022-04-29,1911.7,1695900
2022-05-02,1863.6,1860520
2022-05-03,1870.6,1611500
2022-05-04,1868.8,1559720
2022-05-05,1875.7,2122060
2022-05-06,1882.8,1656270
2022-05-09,1858.6,1945200
2022-05-10,1841.0,2351220
2022-05-11,1853.7,2193350
2022-05-12,1824.6,2304550
2022-05-13,1808.2,1721270
2022-05-16,1814.0,1565210
2022-05-17,1818.9,1347580
2022-05-18,1822.4,333010
2022-05-19,1847.8,367820
2022-05-20,1848.4,405220
2022-05-23,1853.9,575860
2022-05-24,1871.4,692250
2022-05-25,1852.5,959960
2022-05-26,1853.9,883450
2022-05-27,1857.3,1199970
2022-05-31,1848.4,1913760
2022-06-01,1848.7,1525680
2022-06-02,1871.4,1231960
2022-06-03,1850.2,1105020
2022-06-06,1843.7,957420
2022-06-07,1852.1,1151250
2022-06-08,1856.5,1100220
2022-06-09,1852.8,1239460
2022-06-10,1875.5,2586830
2022-06-13,1831.8,2435120
2022-06-14,1813.5,1553760
2022-06-15,1819.6,1982650
2022-06-16,1849.9,1737200
2022-06-17,1840.6,1379670
2022-06-21,1838.8,1718310
2022-06-22,1838.4,1424280
2022-06-24,1830.3,1342830
2022-06-27,1824.8,1354960
2022-06-28,1821.2,1038120
2022-06-29,1817.5,1477610
2022-06-30,1807.3,1967880
2022-07-01,1801.5,2386510
2022-07-05,1763.9,2930940
2022-07-06,1736.5,2490790
2022-07-07,1739.7,1430280
2022-07-08,1742.3,1669390
2022-07-11,1731.7,1518020
2022-07-12,1724.8,2304480
2022-07-13,1735.5,2694770
2022-07-14,1705.8,2423010
2022-07-15,1703.6,1722400
2022-07-18,1710.2,1444090
2022-07-19,1728.1,234190
2022-07-20,1717.7,473290
2022-07-21,1731.3,565320
2022-07-22,1745.3,704820
2022-07-25,1737.1,738730
2022-07-26,1735.7,844670
2022-07-27,1737.5,1140580
2022-07-28,1769.2,1868130
2022-07-29,1781.8,1368930
2022-08-01,1787.7,1314630
2022-08-02,1789.7,1694960
2022-08-03,1776.4,1470850
2022-08-04,1806.9,1462080
2022-08-05,1791.2,1641730
2022-08-08,1805.2,1014770
2022-08-09,1812.3,1176890
2022-08-10,1813.7,1515840
2022-08-11,1807.2,1152210
2022-08-12,1815.5,1146000
2022-08-15,1798.1,1343610
2022-08-16,1789.7,905140
2022-08-17,1776.7,1345210
2022-08-18,1771.2,1196860
2022-08-19,1762.9,1337140
2022-08-22,1748.4,1378830
2022-08-23,1761.2,1406030
2022-08-24,1761.5,1114050
2022-08-25,1771.4,1145390
2022-08-26,1749.8,1696540
2022-08-29,1749.7,1518380
2022-08-30,1736.3,1260180
2022-08-31,1726.2,1695490
2022-09-01,1709.3,1925320
2022-09-02,1722.6,1711400
2022-09-06,1712.9,2020210
2022-09-07,1727.8,1696900
2022-09-08,1720.2,1823020
2022-09-09,1728.6,1515760
2022-09-12,1740.6,1525880
2022-09-13,1717.4,2289660
2022-09-14,1709.1,1597970
2022-09-15,1677.3,2570010
2022-09-16,1683.5,2095060
2022-09-19,1678.2,1383360
2022-09-20,1671.1,1407650
2022-09-21,1675.7,2219020
2022-09-22,1681.1,2324070
2022-09-23,1655.6,2365700
2022-09-26,1633.4,2138730
2022-09-27,1636.2,1925650
2022-09-28,1670.0,2709520
2022-09-29,1668.6,1966330
2022-09-30,1672.0,1731440
2022-10-03,1702.0,2078580
2022-10-04,1730.5,1994260
2022-10-05,1720.8,1680000
2022-10-06,1720.9,1343330
2022-10-07,1709.3,1538130
2022-10-10,1675.2,1526260
2022-10-11,1686.0,1660650
2022-10-12,1677.5,1276890
2022-10-17,1664.0,1443740
2022-10-19,1634.2,1725510
2022-10-20,1636.8,1597970
2022-10-21,1656.3,2659850
2022-10-24,1654.1,1674480
2022-10-25,1658.0,1787060
2022-10-26,1669.2,1834530
2022-10-27,1668.8,1805990
2022-10-28,1648.3,1865190
2022-10-31,1648.3,1244450
2022-11-01,1636.4,1931780
2022-11-02,1651.0,2154450
2022-11-03,1637.7,2416480
2022-11-04,1685.7,2795250
2022-11-07,1680.5,1704910
2022-11-08,1716.0,2769960
2022-11-09,1715.8,2216270
2022-11-10,1753.7,2848650
2022-11-11,1774.2,1826460
2022-11-14,1774.2,1840220
2022-11-15,1774.7,2768280
2022-11-16,1775.8,1918700
2022-11-17,1763.0,1645530
2022-11-18,1769.0,296950
2022-11-21,1754.6,649120
2022-11-22,1754.8,577640
2022-11-23,1760.4,721540
2022-11-25,1768.8,622380
2022-11-28,1755.3,1269380
2022-11-29,1763.7,1255010
2022-11-30,1759.9,1831770
2022-12-01,1815.2,2192460
2022-12-02,1809.6,1771520
2022-12-05,1781.3,1759050
2022-12-06,1782.4,1233440
2022-12-07,1798.0,1496000
2022-12-08,1801.5,1117610
2022-12-09,1810.7,1453720
2022-12-12,1792.3,1053140
2022-12-13,1825.5,2227250
2022-12-14,1818.7,1404900
2022-12-15,1787.8,1796530
2022-12-16,1800.2,1263600
2022-12-19,1797.7,840870
2022-12-20,1825.4,1918230
2022-12-21,1823.9,1032690
2022-12-22,1795.3,1689890
2022-12-23,1804.2,1004130
2022-12-27,1823.1,1561890
2022-12-28,1815.8,1107050
2022-12-29,1826.0,1032830
2022-12-30,1826.2,1039260
2023-01-03,1846.1,2068180
2023-01-04,1859.0,1937600
2023-01-05,1840.6,1778510
2023-01-06,1869.7,2081870
2023-01-09,1877.8,1838690
2023-01-10,1876.5,1501150
2023-01-11,1878.9,2017610
2023-01-12,1898.8,2434970
2023-01-13,1921.7,2267500
2023-01-17,1909.9,2536930
2023-01-18,1907.0,2097820
2023-01-19,1923.9,2044700
2023-01-20,1928.2,1610730
2023-01-23,1945.4,556960
2023-01-24,1952.2,823560
2023-01-25,1959.4,815440
2023-01-26,1946.7,1277360
2023-01-27,1945.6,1424480
2023-01-30,1939.2,1343620
2023-01-31,1945.3,1890460
2023-02-01,1942.8,2050370
2023-02-02,1930.8,2429310
2023-02-03,1876.6,2966690
2023-02-06,1879.5,1587610
2023-02-07,1884.8,1729460
2023-02-08,1890.7,1262600
2023-02-09,1878.5,1778740
2023-02-10,1874.5,1501440
2023-02-13,1863.5,1273430
2023-02-14,1865.4,2098310
2023-02-15,1845.3,1655700
2023-02-16,1851.8,1635210
2023-02-17,1850.2,1611540
2023-02-21,1842.5,2052560
2023-02-22,1841.5,1379550
2023-02-23,1826.8,1741520
2023-02-24,1817.1,1629610
2023-02-27,1824.9,1271380
2023-02-28,1836.7,1752220
2023-03-01,1845.4,1795010
2023-03-02,1840.5,1354930
2023-03-03,1854.6,1525350
2023-03-06,1852.4,1309940
2023-03-07,1820.0,2254790
2023-03-08,1818.6,1869480
2023-03-09,1834.6,2077020
2023-03-10,1867.2,3196960
2023-03-13,1916.5,4262620
2023-03-14,1910.9,2544420
2023-03-15,1931.3,3767750
2023-03-16,1923.0,2429830
2023-03-17,1990.2,634330
2023-03-20,1999.7,660380
2023-03-21,1941.1,2429140
2023-03-22,1949.6,2401550
2023-03-23,1995.9,2570400
2023-03-24,1983.8,2762990
2023-03-27,1953.8,2023210
2023-03-28,1973.5,1816410
2023-03-29,1966.9,879110
2023-03-30,1980.3,99790
2023-03-31,1969.0,9570
2023-04-03,1983.9,7370
2023-04-04,2022.2,8110
2023-04-05,2020.9,5250
2023-04-06,2026.4,1454010
2023-04-10,2003.8,1332040
2023-04-11,2019.0,1229020
2023-04-12,2024.9,2207980
2023-04-13,2055.3,1906410
2023-04-14,2015.8,2595810
2023-04-17,2007.0,1786310
2023-04-18,2019.7,1607160
2023-04-19,2007.3,2142730
2023-04-20,2019.1,1589150
2023-04-21,1990.5,2057000
2023-04-24,1999.8,1368540
2023-04-25,2004.5,2141070
2023-04-26,1996.0,2311100
2023-04-27,1999.0,1980560
2023-04-28,1999.1,1669350
2023-05-01,1992.2,1695450
2023-05-02,2023.3,2382780
2023-05-03,2037.0,2235000
2023-05-04,2055.7,3041060
2023-05-05,2024.8,2612520
2023-05-08,2033.2,1640880
2023-05-09,2042.9,1819490
2023-05-10,2037.1,2428390
2023-05-11,2020.5,2758460
2023-05-12,2019.8,2141110
2023-05-15,2022.7,1592520
2023-05-16,1993.0,2242030
2023-05-17,1984.9,2002510
2023-05-18,1959.8,2215940
2023-05-19,1981.6,2287200
2023-05-22,1977.2,1619970
2023-05-23,1974.5,2074330
2023-05-24,1964.6,2258890
2023-05-25,1943.7,2470780
2023-05-26,1944.3,1630260
2023-05-30,1958.0,378380
2023-05-31,1963.9,57100
2023-06-01,1978.0,7500
2023-06-02,1952.4,3560
2023-06-05,1958.0,7130
2023-06-07,1958.4,1861540
2023-06-08,1978.6,1868110
2023-06-09,1977.2,1276180
2023-06-12,1969.7,1191210
2023-06-13,1958.6,1943860
2023-06-14,1968.9,1957050
2023-06-15,1970.7,2585590
2023-06-16,1971.2,1576360
2023-06-20,1947.7,2443670
2023-06-21,1944.9,1765550
2023-06-22,1923.7,1651830
2023-06-23,1929.6,1812730
2023-06-26,1933.8,1454190
2023-06-27,1923.8,1770060
2023-06-28,1922.2,1551190
2023-06-29,1917.9,2002680
2023-06-30,1929.4,1748770
2023-07-03,1929.5,1501760
2023-07-05,1927.1,2429430
2023-07-06,1915.4,2265270
2023-07-07,1932.5,2081130
2023-07-10,1931.0,1951090
2023-07-11,1937.1,1748420
2023-07-12,1961.7,2509820
2023-07-13,1963.8,2191330
2023-07-14,1964.4,1911500
2023-07-17,1956.4,1619630
2023-07-18,1980.8,2569700
2023-07-19,1980.4,1559750
2023-07-20,1970.9,1865600
2023-07-21,1966.6,1525400
2023-07-24,1962.2,1935720
2023-07-25,1963.7,1825630
2023-07-26,1970.1,2044840
2023-07-27,1945.7,1923700
2023-07-28,1960.4,227050
2023-07-31,1970.5,10250
2023-08-02,1937.4,6520
2023-08-03,1932.0,7730
2023-08-04,1939.6,2900
2023-08-07,1970.0,1011700
2023-08-08,1959.9,1385810
2023-08-09,1950.6,1307390
2023-08-10,1948.9,1638050
2023-08-11,1946.6,1190900
2023-08-14,1944.0,1175140
2023-08-15,1935.2,1615120
2023-08-16,1928.3,1247660
2023-08-17,1915.2,1467700
2023-08-18,1916.5,1103370
2023-08-21,1923.0,1354150
2023-08-22,1926.0,1262260
2023-08-23,1948.1,1623150
2023-08-24,1947.1,1337270
2023-08-25,1939.9,1637330
2023-08-28,1946.8,1135650
2023-08-29,1965.1,1693330
2023-08-30,1973.0,1383980
2023-08-31,1965.9,1259450
2023-09-01,1967.1,1582690
2023-09-05,1952.6,1879350
2023-09-06,1944.2,1452710
2023-09-07,1942.5,1140970
2023-09-08,1942.7,1362350
2023-09-12,1935.1,1550340
2023-09-13,1932.5,1562090
2023-09-14,1932.8,1962200
2023-09-15,1946.2,1953420
2023-09-18,1953.4,1345290
2023-09-19,1953.7,1268710
2023-09-20,1967.1,2127310
2023-09-21,1939.6,2182110
2023-09-22,1945.6,1351930
2023-09-25,1936.6,1555170
2023-09-26,1919.8,2021050
2023-09-27,1890.9,2211390
2023-09-28,1878.6,2173530
2023-09-29,1866.1,2347560
2023-10-02,1847.2,1915990
2023-10-03,1841.5,2081100
2023-10-04,1834.8,1872670
2023-10-05,1831.8,1636800
2023-10-06,1845.2,2245440
2023-10-09,1864.3,1834510
2023-10-10,1875.3,1528650
2023-10-11,1887.3,1629140
2023-10-12,1883.0,1580890
2023-10-13,1941.5,2985610
2023-10-16,1934.3,1747420
2023-10-17,1935.7,1594300
2023-10-18,1968.3,2610640
2023-10-19,1980.5,2536900
2023-10-20,1994.4,2791620
2023-10-23,1987.8,2049590
2023-10-24,1986.1,1915860
2023-10-25,1994.9,2356990
2023-10-26,1997.4,2085970
2023-10-27,1998.5,2069320
2023-10-31,1994.3,2059510
2023-11-01,1987.5,1900940
2023-11-02,1993.5,1504760
2023-11-03,1999.2,2111540
2023-11-07,1973.5,2004820
2023-11-08,1957.8,1703670
2023-11-09,1969.8,1855740
2023-11-10,1937.7,2101580
2023-11-13,1950.2,1649850
2023-11-14,1966.5,1748440
2023-11-15,1964.3,1389560
2023-11-20,1980.3,1720460
2023-11-21,2001.6,2238730
2023-11-22,1992.8,1940930
2023-11-24,2003.0,2112520
2023-11-27,2012.4,2474110
2023-11-28,2040.0,1729680
2023-11-29,2067.1,1894940
2023-11-30,2057.2,1436050
2023-12-01,2089.7,2308770
2023-12-05,2036.3,2020030
2023-12-06,2047.9,1501920
2023-12-07,2046.4,1655660
2023-12-08,2014.5,2278310
2023-12-11,1993.7,1514090
2023-12-12,1993.2,1402570
2023-12-13,1997.3,1837800
2023-12-14,2044.9,2227760
2023-12-15,2035.7,1665650
2023-12-18,2040.5,1374360
2023-12-19,2052.1,1300310
2023-12-20,2047.7,1193940
2023-12-21,2051.3,1151840
2023-12-22,2069.1,1622920
2023-12-26,2069.8,764920
2023-12-27,2093.1,1240210
2023-12-28,2083.5,1264110
2023-12-29,2071.8,1027410
2024-01-02,2073.4,1499260
2024-01-03,2042.8,2141320
2024-01-04,2050.0,1255730
2024-01-05,2049.8,2088610
2024-01-08,2033.5,1993250
2024-01-09,2033.0,1946100
2024-01-10,2027.8,1836250
2024-01-11,2019.2,2706240
2024-01-12,2051.6,2509460
2024-01-16,2030.2,2779950
2024-01-17,2006.5,2451940
2024-01-18,2021.6,1670130
2024-01-19,2029.3,1660780
2024-01-22,2022.2,1419630
2024-01-23,2025.8,1538270
2024-01-24,2016.0,2276270
2024-01-25,2017.8,1892390
2024-01-26,2017.3,1176540
2024-01-29,2025.4,1478940
2024-01-30,2050.9,2083570
2024-01-31,2067.4,2258280
2024-02-01,2071.1,2531210
2024-02-02,2053.7,2108780
2024-02-05,2042.9,1634750
2024-02-06,2051.4,1217420
2024-02-07,2051.7,1206860
2024-02-08,2047.9,1333050
2024-02-09,2038.7,1091270
2024-02-12,2033.0,1117850
2024-02-13,2007.2,2013690
2024-02-14,2004.3,1844840
2024-02-15,2014.9,1977160
2024-02-16,2024.1,1555390
2024-02-20,2039.8,1962100
2024-02-21,2034.3,1176150
2024-02-22,2030.7,1445250
2024-02-23,2049.4,2018450
2024-02-26,2038.9,1247200
2024-02-27,2044.1,1423020
2024-02-28,2042.7,1321190
2024-02-29,2054.7,2181220
2024-03-01,2095.7,3159780
2024-03-04,2126.3,3108120
2024-03-05,2141.9,2721440
2024-03-06,2158.2,3059920
2024-03-07,2165.2,2373530
2024-03-08,2185.5,3555680
2024-03-11,2188.6,2160260
2024-03-12,2166.1,2918920
2024-03-13,2180.8,2077530
2024-03-14,2167.5,2022530
2024-03-15,2161.5,1829120
2024-03-18,2164.3,2071640
2024-03-19,2159.7,1708020
2024-03-20,2161.0,2263020
2024-03-21,2184.7,3784410
2024-03-22,2160.0,2005250
2024-03-25,2176.4,2017000
2024-03-26,2177.2,1979850
2024-03-27,2212.7,1833430
2024-03-28,2238.4,2400350
2024-04-01,2257.1,2147060
2024-04-02,2281.8,2665580
2024-04-03,2315.0,2457090
2024-04-04,2308.5,2279560
2024-04-05,2345.4,2814390
2024-04-08,2351.0,2761040
2024-04-09,2362.4,2701530
2024-04-10,2348.4,3423430
2024-04-11,2372.7,2474440
2024-04-12,2374.1,4630750
2024-04-15,2383.0,3366080
2024-04-16,2407.8,2907000
2024-04-17,2388.4,2795510
2024-04-18,2398.0,1954930
2024-04-19,2413.8,2643740
2024-04-22,2346.4,2561230
2024-04-23,2342.1,2619990
2024-04-24,2338.4,1782500
2024-04-25,2342.5,2181900
2024-04-26,2347.2,1631240
2024-04-29,2357.7,1799840
2024-04-30,2302.9,2218660
2024-05-01,2311.0,2152710
2024-05-02,2309.6,1818180
2024-05-03,2308.6,2261870
2024-05-06,2331.2,1889840
2024-05-07,2324.2,1868680
2024-05-08,2322.3,1961590
2024-05-09,2340.3,2265290
2024-05-10,2375.0,2459970
2024-05-13,2343.0,2218460
2024-05-14,2359.9,1841590
2024-05-15,2394.9,2450810
2024-05-16,2385.5,1831380
2024-05-17,2417.4,2093950
2024-05-20,2438.5,2762670
2024-05-21,2425.9,2259800
2024-05-22,2392.9,2462290
2024-05-23,2337.2,2630980
2024-05-24,2334.5,1719190
2024-05-28,2356.5,3089140
2024-05-29,2341.2,1147280
2024-05-30,2366.5,1796420
2024-05-31,2345.8,1758330
2024-06-03,2369.3,1667890
2024-06-04,2347.4,1658590
2024-06-05,2375.5,1676610
2024-06-06,2390.9,1633170
2024-06-07,2325.0,2992740
2024-06-10,2327.0,1373320
2024-06-11,2326.6,1422030
2024-06-12,2354.8,2324970
2024-06-13,2318.0,1771840
2024-06-14,2349.1,1554860
2024-06-17,2329.0,1187610
2024-06-18,2346.9,1502090
2024-06-20,2369.0,2451460
2024-06-21,2331.2,1875010
2024-06-24,2344.4,1134480
2024-06-25,2330.8,1401790
2024-06-26,2313.2,1829290
2024-06-27,2336.6,1357840
2024-06-28,2339.6,1311910
2024-07-01,2338.9,1368610
2024-07-02,2333.4,1465680
2024-07-03,2369.4,1859300
