Date,Close/Last,Volume
2014-07-07,13170,791100
2014-07-08,13165,1267060
2014-07-09,13243,1551010
2014-07-10,13392,1673910
2014-07-11,13374,884700
2014-07-14,13067,1999730
2014-07-15,12971,1696120
2014-07-16,12998,1094180
2014-07-17,13169,1703600
2014-07-18,13094,1166870
2014-07-21,13155,172600
2014-07-22,13080,142960
2014-07-23,13065,185290
2014-07-24,12927,318530
2014-07-25,13053,402130
2014-07-28,13058,568260
2014-07-29,13005,1345850
2014-07-30,12969,1231380
2014-07-31,12828,1266840
2014-08-01,12948,1304800
2014-08-04,12889,626640
2014-08-05,12853,956480
2014-08-06,13082,1473080
2014-08-07,13125,1170730
2014-08-08,13110,1434320
2014-08-11,13105,606010
2014-08-12,13106,957410
2014-08-13,13145,952800
2014-08-14,13157,999030
2014-08-15,13062,1825790
2014-08-18,12993,726400
2014-08-19,12967,741270
2014-08-20,12952,799330
2014-08-21,12754,1319520
2014-08-22,12802,866550
2014-08-25,12789,507630
2014-08-26,12852,989320
2014-08-27,12834,637630
2014-08-28,12904,1059110
2014-08-29,12874,710250
2014-09-02,12650,1756800
2014-09-03,12703,993690
2014-09-04,12665,1415720
2014-09-05,12673,999170
2014-09-08,12543,1079570
2014-09-09,12485,1212170
2014-09-10,12453,1322350
2014-09-11,12390,1492140
2014-09-12,12315,1329480
2014-09-15,12351,909660
2014-09-16,12367,1189710
2014-09-17,12359,1257960
2014-09-18,12269,1399590
2014-09-19,12166,1694560
2014-09-22,12179,1292760
2014-09-23,12220,1477710
2014-09-24,12195,1267880
2014-09-25,12219,1740790
2014-09-26,12154,1409100
2014-09-29,12188,1001750
2014-09-30,12116,1742320
2014-10-01,12155,1397350
2014-10-02,12151,1428070
2014-10-03,11929,1796060
2014-10-06,12073,1396650
2014-10-07,12124,1353640
2014-10-08,12060,1816610
2014-10-09,12253,1571700
2014-10-10,12217,1124220
2014-10-13,12300,1170070
2014-10-14,12343,1072390
2014-10-15,12448,2509990
2014-10-16,12412,1751620
2014-10-17,12390,1110150
2014-10-20,12447,898140
2014-10-21,12517,1430070
2014-10-22,12455,1048390
2014-10-23,12291,1330220
2014-10-24,12318,876090
2014-10-27,12293,760130
2014-10-28,12294,1176530
2014-10-29,12249,1257900
2014-10-30,11986,1995650
2014-10-31,11716,2846280
2014-11-03,11698,1233280
2014-11-04,11677,1286180
2014-11-05,11457,2483550
2014-11-06,11426,1569910
2014-11-07,11698,2870740
2014-11-10,11598,1918230
2014-11-11,11630,1771530
2014-11-12,11591,1768180
2014-11-13,11615,1822620
2014-11-14,11856,2836910
2014-11-17,11835,1907060
2014-11-18,11971,1622940
2014-11-19,11939,2597260
2014-11-20,11909,1798550
2014-11-21,11977,1927120
2014-11-24,11966,691180
2014-11-25,11978,1196190
2014-11-28,11755,2407230
2014-12-01,12181,3277640
2014-12-02,11994,1560620
2014-12-03,12087,1332210
2014-12-04,12077,1117300
2014-12-05,11904,1449260
2014-12-08,11949,990590
2014-12-09,12320,2280240
2014-12-10,12294,1355690
2014-12-11,12256,1368600
2014-12-12,12225,1164670
2014-12-15,12077,1458430
2014-12-16,11943,2215710
2014-12-17,11945,1549620
2014-12-18,11948,1291270
2014-12-19,11960,687470
2014-12-22,11798,1229220
2014-12-23,11780,928930
2014-12-24,11735,401920
2014-12-26,11953,655710
2014-12-29,11819,785210
2014-12-30,12004,1319610
2014-12-31,11841,672310
2015-01-02,11862,1122800
2015-01-05,12040,1429420
2015-01-06,12194,1806530
2015-01-07,12107,1111500
2015-01-08,12085,1130910
2015-01-09,12161,1488090
2015-01-12,12328,1323130
2015-01-13,12344,1683740
2015-01-14,12345,1842080
2015-01-15,12648,2727500
2015-01-16,12769,2041980
2015-01-20,12942,2311850
2015-01-21,12937,1950980
2015-01-22,13007,1988870
2015-01-23,12926,1406040
2015-01-26,12794,1578590
2015-01-27,12929,842730
2015-01-28,12872,1406420
2015-01-29,12559,2335770
2015-01-30,12792,1562920
2015-02-02,12769,1114080
2015-02-03,12603,1669350
2015-02-04,12645,1271400
2015-02-05,12627,1050450
2015-02-06,12346,1891540
2015-02-09,12415,861010
2015-02-10,12322,921100
2015-02-11,12196,1090120
2015-02-12,12207,1033500
2015-02-13,12271,902560
2015-02-17,12086,1727210
2015-02-18,12002,1141780
2015-02-19,12076,1051130
2015-02-20,12049,1030620
2015-02-23,12008,1085170
2015-02-24,11973,1094400
2015-02-25,12015,975880
2015-02-26,12101,1221000
2015-02-27,12131,1073820
2015-03-02,12082,1282220
2015-03-03,12044,1468740
2015-03-04,12009,995390
2015-03-05,11962,1255640
2015-03-06,11643,2040430
2015-03-09,11665,1120180
2015-03-10,11601,1702230
2015-03-11,11506,1528740
2015-03-12,11519,1514990
2015-03-13,11524,1131410
2015-03-16,11532,1141950
2015-03-17,11482,1492860
2015-03-18,11513,1802950
2015-03-19,11690,1507270
2015-03-20,11846,1552330
2015-03-23,11877,1570850
2015-03-24,11914,1536510
2015-03-25,11970,1713730
2015-03-26,12057,1120280
2015-03-27,12007,1285830
2015-03-30,11853,1227240
2015-03-31,11832,1124620
2015-04-01,12082,1416100
2015-04-02,12009,1088840
2015-04-06,12186,1013510
2015-04-07,12106,805610
2015-04-08,12031,1123710
2015-04-09,11936,1046470
2015-04-10,12046,1162510
2015-04-13,11993,1052260
2015-04-14,11926,1536920
2015-04-15,12013,1239230
2015-04-16,11980,1519840
2015-04-17,12031,1079120
2015-04-20,11937,1267030
2015-04-21,12031,971200
2015-04-22,11869,1465030
2015-04-23,11943,1106080
2015-04-24,11750,1495220
2015-04-27,12032,1951250
2015-04-28,12139,1456280
2015-04-29,12100,1346030
2015-04-30,11824,1962780
2015-05-01,11745,1124520
2015-05-04,11868,1041060
2015-05-05,11932,1058980
2015-05-06,11903,1035390
2015-05-07,11822,1272130
2015-05-08,11889,1341060
2015-05-11,11830,1233510
2015-05-12,11924,1330630
2015-05-13,12182,2255060
2015-05-14,12252,1629900
2015-05-15,12253,1285570
2015-05-18,12276,1120750
2015-05-19,12067,1678200
2015-05-20,12087,1191290
2015-05-21,12041,1165520
2015-05-22,12040,1381920
2015-05-26,11878,919100
2015-05-27,11865,1392970
2015-05-28,11888,1416070
2015-05-29,11898,974740
2015-06-01,11887,1621330
2015-06-02,11944,1067110
2015-06-03,11849,1170940
2015-06-04,11752,1445590
2015-06-05,11681,1426280
2015-06-08,11736,1007560
2015-06-09,11776,874290
2015-06-10,11866,1166770
2015-06-11,11804,1010750
2015-06-12,11792,805000
2015-06-15,11858,1245840
2015-06-16,11809,939670
2015-06-17,11768,960540
2015-06-18,12020,1747380
2015-06-19,12019,795700
2015-06-22,11841,1167800
2015-06-23,11766,1066250
2015-06-24,11729,1100460
2015-06-25,11718,805980
2015-06-26,11732,999040
2015-06-29,11790,1363940
2015-06-30,11718,1398300
2015-07-01,11693,905980
2015-07-06,11732,1005810
2015-07-07,11526,1901680
2015-07-08,11635,1590020
2015-07-09,11592,1225630
2015-07-10,11579,1065100
2015-07-13,11554,1186070
2015-07-14,11535,1038140
2015-07-15,11474,1410770
2015-07-16,11439,1186130
2015-07-17,11319,1496220
2015-07-20,11068,2503360
2015-07-21,11035,1635970
2015-07-22,10915,1709190
2015-07-23,10941,1948390
2015-07-24,10855,2379010
2015-07-27,10969,532570
2015-07-28,10967,755430
2015-07-29,10933,1078350
2015-07-30,10887,1555350
2015-07-31,10951,1667660
2015-08-03,10894,1027790
2015-08-04,10907,1088480
2015-08-05,10856,1100050
2015-08-06,10901,900120
2015-08-07,10941,1650510
2015-08-10,11041,1429650
2015-08-11,11077,1865620
2015-08-12,11236,1840250
2015-08-13,11156,1253180
2015-08-14,11127,1006810
2015-08-17,11184,881290
2015-08-18,11169,1164420
2015-08-19,11279,1469940
2015-08-20,11532,1747970
2015-08-21,11596,1895820
2015-08-24,11536,2556240
2015-08-25,11383,1889890
2015-08-26,11246,1941260
2015-08-27,11226,1196910
2015-08-28,11340,1417840
2015-08-31,11325,930500
2015-09-01,11398,1247730
2015-09-02,11336,1069960
2015-09-03,11245,1024880
2015-09-04,11214,97770
2015-09-08,11210,1358110
2015-09-09,11020,1616090
2015-09-10,11093,1170420
2015-09-11,11033,1115070
2015-09-14,11077,713500
2015-09-15,11026,751090
2015-09-16,11190,1238770
2015-09-17,11170,1356870
2015-09-18,11378,1421080
2015-09-21,11328,840420
2015-09-22,11248,1095090
2015-09-23,11315,892620
2015-09-24,11538,2000680
2015-09-25,11456,1347820
2015-09-28,11317,1370030
2015-09-29,11268,1004060
2015-09-30,11152,1483410
2015-10-01,11137,769840
2015-10-02,11366,1787840
2015-10-05,11376,1104830
2015-10-06,11464,1166710
2015-10-07,11487,1087850
2015-10-08,11443,1161550
2015-10-09,11559,1299250
2015-10-12,11645,1067160
2015-10-13,11654,1300490
2015-10-14,11798,1820830
2015-10-15,11875,1810830
2015-10-16,11831,1029350
2015-10-19,11728,1029670
2015-10-20,11775,1161710
2015-10-21,11671,1158890
2015-10-22,11661,1134950
2015-10-23,11628,1453570
2015-10-26,11662,793750
2015-10-27,11658,853140
2015-10-28,11761,1778500
2015-10-29,11473,1428050
2015-10-30,11414,1100400
2015-11-02,11359,985610
2015-11-03,11141,1447070
2015-11-04,11062,1473110
2015-11-05,11042,1305950
2015-11-06,10877,1835350
2015-11-09,10881,1334270
2015-11-10,10885,1379550
2015-11-11,10849,1581710
2015-11-12,10810,1935120
2015-11-13,10809,1262190
2015-11-16,10836,1465060
2015-11-17,10686,1714660
2015-11-18,10687,1445640
2015-11-19,10779,1697160
2015-11-20,10763,1432170
2015-11-23,10666,672860
2015-11-24,10733,693170
2015-11-25,10697,90700
2015-11-27,10562,1754210
2015-11-30,10653,1050760
2015-12-01,10635,1153020
2015-12-02,10538,1173790
2015-12-03,10612,1666260
2015-12-04,10841,1997060
2015-12-07,10752,1040160
2015-12-08,10753,1202950
2015-12-09,10765,1359090
2015-12-10,10720,951610
2015-12-11,10757,1470880
2015-12-14,10634,1146150
2015-12-15,10616,1098420
2015-12-16,10768,1358440
2015-12-17,10496,1571130
2015-12-18,10650,1157750
2015-12-23,10683,640300
2015-12-24,10759,478860
2015-12-28,10683,661510
2015-12-29,10680,52600
2015-12-30,10598,52600
2015-12-31,10602,532720
2016-01-04,10752,1512330
2016-01-05,10784,992500
2016-01-06,10919,1795810
2016-01-07,11078,2030630
2016-01-08,10979,1834360
2016-01-11,10962,1857710
2016-01-12,10852,1610910
2016-01-13,10871,1466760
2016-01-14,10736,1683640
2016-01-15,10907,89270
2016-01-19,10891,1540640
2016-01-20,11062,1831640
2016-01-21,10982,1705050
2016-01-22,10963,1338830
2016-01-25,11053,1488600
2016-01-26,11206,895250
2016-01-27,11163,1248650
2016-01-28,11161,1460720
2016-01-29,11164,1260230
2016-02-01,11280,1097280
2016-02-02,11272,1074440
2016-02-03,11413,1810520
2016-02-04,11575,1682590
2016-02-05,11577,2060630
2016-02-08,11979,2327000
2016-02-09,11986,1801630
2016-02-10,11946,1591030
2016-02-11,12478,3455190
2016-02-16,12082,3198920
2016-02-17,12114,1568590
2016-02-18,12263,1731770
2016-02-19,12308,1684150
2016-02-22,12101,1556260
2016-02-23,12226,1758210
2016-02-24,12391,2604220
2016-02-25,12388,1992890
2016-02-26,12204,2103510
2016-02-29,12344,1744840
2016-03-01,12308,2111750
2016-03-02,12418,1750100
2016-03-03,12582,2167160
2016-03-04,12707,3514290
2016-03-07,12640,2088600
2016-03-08,12629,1983760
2016-03-09,12574,2171050
2016-03-10,12728,2949340
2016-03-11,12594,2259240
2016-03-14,12451,1980150
2016-03-15,12310,1690670
2016-03-16,12298,1956310
2016-03-17,12650,1967090
2016-03-18,12543,1523480
2016-03-21,12442,1651300
2016-03-22,12486,1781280
2016-03-23,12256,2484060
2016-03-24,12235,616130
2016-03-28,12220,853860
2016-03-29,12375,1935720
2016-03-30,12286,1728010
2016-03-31,12356,1171500
2016-04-01,12235,1881790
2016-04-04,12193,869000
2016-04-05,12296,1487620
2016-04-06,12238,1290320
2016-04-07,12375,1797650
2016-04-08,12438,1283330
2016-04-11,12580,1512790
2016-04-12,12609,1482960
2016-04-13,12483,1504260
2016-04-14,12265,1965670
2016-04-15,12346,1155850
2016-04-18,12350,1435400
2016-04-19,12543,2005110
2016-04-20,12544,1582710
2016-04-21,12503,2619920
2016-04-22,12300,1983880
2016-04-25,12402,1146960
2016-04-26,12434,1399820
2016-04-27,12504,1671900
2016-04-28,12664,2143560
2016-04-29,12905,2496030
2016-05-02,12958,1930920
2016-05-03,12918,2092290
2016-05-04,12744,2055060
2016-05-05,12723,1688560
2016-05-06,12940,2465210
2016-05-09,12666,2134130
2016-05-10,12648,1640240
2016-05-11,12755,2155920
2016-05-12,12712,2117570
2016-05-13,12727,1676830
2016-05-16,12742,1885090
2016-05-17,12769,1968550
2016-05-18,12744,2254800
2016-05-19,12548,2460150
2016-05-20,12529,1883830
2016-05-23,12515,2068970
2016-05-24,12322,2889260
2016-05-25,12266,1052390
2016-05-26,12227,1483620
2016-05-31,12175,2273620
2016-06-01,12147,1513110
2016-06-02,12126,1062480
2016-06-03,12429,2300350
2016-06-06,12474,1572450
2016-06-07,12470,1143370
2016-06-08,12623,1672150
2016-06-09,12727,1450870
2016-06-10,12759,1511630
2016-06-13,12869,1957340
2016-06-14,12881,1825120
2016-06-15,12883,1901370
2016-06-16,12984,3313680
2016-06-17,12948,2035500
2016-06-20,12921,1860030
2016-06-21,12725,1969940
2016-06-22,12700,1271540
2016-06-23,12631,1459960
2016-06-24,13224,5272050
2016-06-27,13247,2407340
2016-06-28,13179,1831690
2016-06-29,13269,1649740
2016-06-30,13206,1828120
2016-07-01,13390,638210
2016-07-05,13587,3370020
2016-07-06,13671,2262560
2016-07-07,13621,2045140
2016-07-08,13584,2871240
2016-07-11,13566,2173750
2016-07-12,13353,2462670
2016-07-13,13322,1950910
2016-07-14,13274,2513020
2016-07-15,13274,1842430
2016-07-18,13293,1594870
2016-07-19,13323,1441230
2016-07-20,13193,2122010
2016-07-21,13310,2413510
2016-07-22,13234,2115350
2016-07-25,13195,1251050
2016-07-26,13208,886580
2016-07-27,13267,1609650
2016-07-28,13323,1799840
2016-07-29,13490,2149280
2016-08-01,13596,1089340
2016-08-02,13726,1546810
2016-08-03,13647,1311230
2016-08-04,13674,1589350
2016-08-05,13444,2078280
2016-08-08,13413,1262440
2016-08-09,13467,1172800
2016-08-10,13519,1840370
2016-08-11,13500,1498800
2016-08-12,13432,2279430
2016-08-15,13475,1178000
2016-08-16,13569,2137290
2016-08-17,13488,1640910
2016-08-18,13572,1631040
2016-08-19,13462,1776820
2016-08-22,13434,1485660
2016-08-23,13461,1250070
2016-08-24,13297,2078270
2016-08-25,13246,1434680
2016-08-26,13259,2923050
2016-08-29,13271,1368510
2016-08-30,13165,1493130
2016-08-31,13114,1630050
2016-09-01,13171,1671110
2016-09-06,13492,2634090
2016-09-07,13492,1424660
2016-09-08,13416,1742460
2016-09-09,13345,1518600
2016-09-12,13256,1836910
2016-09-13,13237,1734100
2016-09-14,13261,1314240
2016-09-15,13180,2000750
2016-09-16,13102,1326420
2016-09-19,13178,1111070
2016-09-20,13182,876590
2016-09-21,13314,2535630
2016-09-22,13447,1524270
2016-09-23,13417,1088330
2016-09-26,13441,1203620
2016-09-27,13304,1756930
2016-09-28,13237,1438070
2016-09-29,13260,1450790
2016-09-30,13171,1984710
2016-10-03,13127,1205030
2016-10-04,12697,3277730
2016-10-05,12686,2004160
2016-10-06,12530,1765740
2016-10-07,12519,2615300
2016-10-10,12604,1282200
2016-10-11,12559,1279710
2016-10-12,12538,1223420
2016-10-13,12576,1429280
2016-10-14,12555,1619520
2016-10-17,12566,1029910
2016-10-18,12629,1413660
2016-10-19,12699,1354140
2016-10-20,12675,1309760
2016-10-21,12677,978910
2016-10-24,12637,1488230
2016-10-25,12736,1322410
2016-10-26,12666,1327960
2016-10-27,12695,1233440
2016-10-28,12768,2224890
2016-10-31,12731,1154450
2016-11-01,12880,1949760
2016-11-02,13082,2240050
2016-11-03,13033,2201640
2016-11-04,13045,2029660
2016-11-07,12794,2096680
2016-11-08,12745,1949220
2016-11-09,12735,7836570
2016-11-10,12664,3927970
2016-11-11,12243,4200690
2016-11-14,12217,3326350
2016-11-15,12245,2249700
2016-11-16,12239,1901580
2016-11-17,12169,2249530
2016-11-18,12087,2440020
2016-11-21,12098,1620470
2016-11-22,12112,2017700
2016-11-23,11924,34790
2016-11-25,11810,899410
2016-11-28,11938,1327800
2016-11-29,11908,1958870
2016-11-30,11739,2327480
2016-12-01,11694,2161690
2016-12-02,11778,1692240
2016-12-05,11765,2122760
2016-12-06,11701,1307140
2016-12-07,11775,1379000
2016-12-08,11724,1423630
2016-12-09,11619,1544170
2016-12-12,11658,1596390
2016-12-13,11590,1360290
2016-12-14,11637,2053260
2016-12-15,11298,2628770
2016-12-16,11374,1712850
2016-12-19,11427,1125360
2016-12-20,11336,1380580
2016-12-21,11332,1096730
2016-12-22,11336,708340
2016-12-23,11336,708340
2016-12-27,11388,1023660
2016-12-28,11409,1001210
2016-12-29,11581,1523230
2016-12-30,11517,1386730
2017-01-03,11620,2165370
2017-01-04,11653,1721080
2017-01-05,11813,2622240
2017-01-06,11734,2177140
2017-01-09,11849,1749890
2017-01-10,11855,2158980
2017-01-11,11966,3176950
2017-01-12,11998,2601070
2017-01-13,11962,282240
2017-01-17,12129,3686720
2017-01-18,12121,1952340
2017-01-19,12015,2415300
2017-01-20,12049,2360660
2017-01-23,12156,2313810
2017-01-24,12108,2119450
2017-01-25,12005,802020
2017-01-26,11925,944390
2017-01-27,11911,1428520
2017-01-30,11960,1853440
2017-01-31,12114,2376440
2017-02-01,12083,2113570
2017-02-02,12194,2202090
2017-02-03,12208,2107260
2017-02-06,12321,1903790
2017-02-07,12361,1926610
2017-02-08,12395,2160440
2017-02-09,12368,2342440
2017-02-10,12359,2291610
2017-02-13,12258,1682850
2017-02-14,12254,2236870
2017-02-15,12331,2205850
2017-02-16,12416,1964670
2017-02-17,12391,202470
2017-02-21,12389,2456950
2017-02-22,12333,1934310
2017-02-23,12514,2502770
2017-02-24,12583,2096600
2017-02-27,12588,2014860
2017-02-28,12539,2253690
2017-03-01,12500,3008150
2017-03-02,12329,2629030
2017-03-03,12265,2689700
2017-03-06,12255,1542750
2017-03-07,12161,1956450
2017-03-08,12094,2007920
2017-03-09,12032,2260260
2017-03-10,12014,2505140
2017-03-13,12031,1684360
2017-03-14,12026,1766530
2017-03-15,12007,2564400
2017-03-16,12271,2431370
2017-03-17,12302,1469330
2017-03-20,12340,1225590
2017-03-21,12465,2780900
2017-03-22,12497,2101810
2017-03-23,12501,389550
2017-03-24,12517,507280
2017-03-27,12588,700550
2017-03-28,12588,1106720
2017-03-29,12568,1578580
2017-03-30,12480,2111990
2017-03-31,12512,1583810
2017-04-03,12540,1357380
2017-04-04,12584,1520430
2017-04-05,12485,2264540
2017-04-06,12533,1605100
2017-04-07,12573,3654040
2017-04-10,12539,1760840
2017-04-11,12742,2794210
2017-04-12,12781,2414370
2017-04-13,12885,2290820
2017-04-17,12919,1894440
2017-04-18,12941,2726180
2017-04-19,12834,2510240
2017-04-20,12838,2376780
2017-04-21,12891,2209900
2017-04-24,12775,2872520
2017-04-25,12672,2427910
2017-04-26,12642,2339640
2017-04-27,12659,2031620
2017-04-28,12683,1662100
2017-05-01,12555,1970230
2017-05-02,12570,1714110
2017-05-03,12485,2454960
2017-05-04,12286,3058810
2017-05-05,12269,2570190
2017-05-08,12271,1883180
2017-05-09,12161,2400630
2017-05-10,12189,1858040
2017-05-11,12242,2300750
2017-05-12,12277,1895000
2017-05-15,12300,1822390
2017-05-16,12364,1971310
2017-05-17,12587,3659670
2017-05-18,12528,3614210
2017-05-19,12536,2105690
2017-05-22,12614,2018290
2017-05-23,12555,2699820
2017-05-24,12531,2340750
2017-05-25,12598,629750
2017-05-30,12657,2757240
2017-05-31,12754,1935270
2017-06-01,12701,1746110
2017-06-02,12802,2575940
2017-06-05,12827,1348540
2017-06-06,12975,2430520
2017-06-07,12932,2124800
2017-06-08,12795,2474600
2017-06-09,12714,2121900
2017-06-12,12689,1684750
2017-06-13,12686,1711640
2017-06-14,12759,3372980
2017-06-15,12546,2384700
2017-06-16,12565,1452490
2017-06-19,12467,1741830
2017-06-20,12435,1720020
2017-06-21,12458,1602360
2017-06-22,12494,1821700
2017-06-23,12564,1535290
2017-06-26,12464,2191050
2017-06-27,12469,2047210
2017-06-28,12491,1881190
2017-06-29,12458,2605900
2017-06-30,12423,2100970
2017-07-05,12217,3487990
2017-07-06,12233,1858090
2017-07-07,12097,3104830
2017-07-10,12132,2334370
2017-07-11,12147,2131210
2017-07-12,12191,2541720
2017-07-13,12173,2199000
2017-07-14,12275,2583010
2017-07-17,12337,1660960
2017-07-18,12419,2452410
2017-07-19,12420,1899800
2017-07-20,12455,2632910
2017-07-21,12610,510350
2017-07-24,12607,616160
2017-07-25,12585,613600
2017-07-26,12556,921810
2017-07-27,12665,1544120
2017-07-28,12753,2412860
2017-07-31,12734,1584640
2017-08-01,12794,2063960
2017-08-02,12784,2046290
2017-08-03,12744,1986150
2017-08-04,12646,2608340
2017-08-07,12647,1200390
2017-08-08,12626,2408640
2017-08-09,12793,2809290
2017-08-10,12901,2576510
2017-08-11,12940,2593070
2017-08-14,12904,2331060
2017-08-15,12797,2786980
2017-08-16,12829,2684540
2017-08-17,12924,3160500
2017-08-18,12916,3793520
2017-08-21,12967,2543190
2017-08-22,12910,2598060
2017-08-23,12947,2267440
2017-08-24,12920,2379980
2017-08-25,12979,3502880
2017-08-28,13153,3104890
2017-08-29,13189,4441460
2017-08-30,13141,3010910
2017-08-31,13222,3591320
2017-09-01,13304,529220
2017-09-05,13445,5462800
2017-09-06,13390,2975210
2017-09-07,13503,3540090
2017-09-08,13512,3772340
2017-09-11,13357,2920490
2017-09-12,13327,2811340
2017-09-13,13280,2980240
2017-09-14,13293,3276000
2017-09-15,13252,3132450
2017-09-18,13108,2597010
2017-09-19,13106,2680370
2017-09-20,13164,3436390
2017-09-21,12948,3881180
2017-09-22,12975,2564210
2017-09-25,13115,3572940
2017-09-26,13017,3767020
2017-09-27,12878,3640840
2017-09-28,12887,2799160
2017-09-29,12848,2806710
2017-10-02,12758,2673750
2017-10-03,12746,2029510
2017-10-04,12768,2663330
2017-10-05,12732,2177740
2017-10-06,12749,3615650
2017-10-09,12850,1950580
2017-10-10,12938,3084020
2017-10-11,12889,2587820
2017-10-12,12965,2399550
2017-10-13,13046,2905490
2017-10-16,13030,2658760
2017-10-17,12862,3281450
2017-10-18,12830,2502180
2017-10-19,12900,3454190
2017-10-20,12805,3088830
2017-10-23,12809,2769230
2017-10-24,12783,2620040
2017-10-25,12790,3684540
2017-10-26,12696,3775350
2017-10-27,12718,3525150
2017-10-30,12777,2539870
2017-10-31,12705,2646130
2017-11-01,12773,3765140
2017-11-02,12781,3740630
2017-11-03,12692,3615910
2017-11-06,12816,3406580
2017-11-07,12758,3279310
2017-11-08,12837,3460770
2017-11-09,12875,205590
2017-11-10,12742,3422810
2017-11-13,12789,2131870
2017-11-14,12829,3421500
2017-11-15,12777,4172510
2017-11-16,12782,2680210
2017-11-17,12965,3680940
2017-11-20,12753,3995520
2017-11-21,12817,3154630
2017-11-24,12918,833750
2017-11-27,12989,1437910
2017-11-28,12992,2242460
2017-11-29,12862,3707990
2017-11-30,12767,3317290
2017-12-01,12823,4213440
2017-12-04,12777,2502460
2017-12-05,12649,3114930
2017-12-06,12661,2395090
2017-12-07,12531,3054300
2017-12-08,12484,2702930
2017-12-11,12469,1850280
2017-12-12,12417,2168310
2017-12-13,12486,2960220
2017-12-14,12571,2524410
2017-12-15,12575,2309590
2017-12-18,12655,2028340
2017-12-19,12642,1966460
2017-12-20,12696,1986700
2017-12-21,12706,1889320
2017-12-22,12788,1803140
2017-12-26,12875,1309810
2017-12-27,12914,1932170
2017-12-28,12972,2136240
2017-12-29,13093,2267140
2018-01-02,13161,2690720
2018-01-03,13185,3428660
2018-01-04,13216,3508030
2018-01-05,13223,3224220
2018-01-08,13204,2383320
2018-01-09,13137,3216360
2018-01-10,13193,3826050
2018-01-11,13225,2545410
2018-01-12,13349,446510
2018-01-16,13371,4721550
2018-01-17,13392,3583120
2018-01-18,13272,3050930
2018-01-19,13331,2680770
2018-01-22,13319,3250080
2018-01-23,13367,3547860
2018-01-24,13614,1477490
2018-01-25,13680,1409150
2018-01-26,13572,1399460
2018-01-29,13451,2245530
2018-01-30,13400,3948870
2018-01-31,13431,3650630
2018-02-01,13479,3011150
2018-02-02,13373,4165130
2018-02-05,13365,2989500
2018-02-06,13295,4573630
2018-02-07,13146,3356800
2018-02-08,13190,3491230
2018-02-09,13157,3069800
2018-02-12,13264,2032830
2018-02-13,13304,1929980
2018-02-14,13580,4052620
2018-02-15,13553,2515370
2018-02-16,13562,214890
2018-02-20,13312,3575200
2018-02-21,13321,2442410
2018-02-22,13327,2019720
2018-02-23,13303,1650520
2018-02-26,13328,2379050
2018-02-27,13155,7100
2018-02-28,13179,2512630
2018-03-01,13052,3956510
2018-03-02,13234,2561120
2018-03-05,13199,2154680
2018-03-06,13352,2696910
2018-03-07,13276,2972810
2018-03-08,13217,2418110
2018-03-09,13240,3365710
2018-03-12,13208,2143920
2018-03-13,13271,3217900
2018-03-14,13256,2470270
2018-03-15,13178,2417460
2018-03-16,13123,2775680
2018-03-19,13178,2839440
2018-03-20,13119,2811460
2018-03-21,13215,4512370
2018-03-22,13332,701210
2018-03-23,13557,1248000
2018-03-26,13609,1870730
2018-03-27,13479,241590
2018-03-28,13300,3583190
2018-03-29,13273,2353480
2018-04-02,13529,49790
2018-04-03,13373,2766540
2018-04-04,13402,3348860
2018-04-05,13285,2662430
2018-04-06,13361,3611810
2018-04-09,13401,2220380
2018-04-10,13459,2781380
2018-04-11,13600,4675410
2018-04-12,13419,3746720
2018-04-13,13479,2539370
2018-04-16,13507,2583820
2018-04-17,13495,2677440
2018-04-18,13535,2987490
2018-04-19,13488,3255440
2018-04-20,13383,2698290
2018-04-23,13240,2765920
2018-04-24,13330,2677070
2018-04-25,13228,2566590
2018-04-26,13179,2858470
2018-04-27,13234,2327240
2018-04-30,13192,2874380
2018-05-01,13068,2673360
2018-05-02,13056,3508400
2018-05-03,13127,2972400
2018-05-04,13147,2998090
2018-05-07,13141,2304260
2018-05-08,13137,3982680
2018-05-09,13130,3724910
2018-05-10,13223,3624910
2018-05-11,13207,2599230
2018-05-14,13182,2358920
2018-05-15,12903,4618310
2018-05-16,12915,3211970
2018-05-17,12894,2896780
2018-05-18,12913,2549230
2018-05-21,12909,3137550
2018-05-22,12974,421540
2018-05-23,12948,616160
2018-05-24,13098,996860
2018-05-25,13090,611950
2018-05-29,13041,3482900
2018-05-30,13065,3201220
2018-05-31,13047,2931320
2018-06-01,12993,3083940
2018-06-04,12973,2094430
2018-06-05,13022,2577700
2018-06-06,13014,2393910
2018-06-07,13030,2393020
2018-06-08,13027,2113350
2018-06-11,13032,2063330
2018-06-12,12994,2274020
2018-06-13,13013,2548370
2018-06-14,13083,3321120
2018-06-15,12785,4953640
2018-06-18,12801,1807720
2018-06-19,12786,2729420
2018-06-20,12745,2233230
2018-06-21,12705,2684810
2018-06-22,12707,1771990
2018-06-25,12689,1912580
2018-06-26,12599,2439180
2018-06-27,12561,2500080
2018-06-28,12510,2349810
2018-06-29,12545,2210770
2018-07-02,12417,2515330
2018-07-03,12535,1456780
2018-07-05,12588,3724680
2018-07-06,12558,1957500
2018-07-09,12596,2317240
2018-07-10,12554,2667480
2018-07-11,12444,2935550
2018-07-12,12466,2161040
2018-07-13,12412,2486620
2018-07-16,12397,1789080
2018-07-17,12273,3042510
2018-07-18,12279,2721260
2018-07-19,12240,4140220
2018-07-20,12311,3422150
2018-07-23,12344,751220
2018-07-24,12346,644510
2018-07-25,12410,555390
2018-07-26,12353,990960
2018-07-27,12327,1509030
2018-07-30,12315,1786040
2018-07-31,12336,2876490
2018-08-01,12276,2100760
2018-08-02,12106,4110
2018-08-03,12232,2723860
2018-08-06,12086,2970
2018-08-07,12183,1996910
2018-08-08,12210,2557060
2018-08-09,12199,2251660
2018-08-10,12190,3176570
2018-08-13,11989,3630690
2018-08-14,11930,920
2018-08-15,11850,3640390
2018-08-16,11840,3536660
2018-08-17,11842,2466950
2018-08-20,11946,1999640
2018-08-21,12000,2111490
2018-08-22,12033,2273670
2018-08-23,11940,2261930
2018-08-24,12133,2865190
2018-08-27,12160,2051400
2018-08-28,12074,1360
2018-08-29,12115,2357210
2018-08-30,12050,2763690
2018-08-31,12067,1177500
2018-09-04,11991,4027040
2018-09-05,12013,2035750
2018-09-06,12043,2788510
2018-09-07,12004,2723240
2018-09-10,11998,2072440
2018-09-11,12022,2533260
2018-09-12,12109,2922750
2018-09-13,12082,2956580
2018-09-14,12011,2760040
2018-09-17,12058,2057610
2018-09-18,12029,2230800
2018-09-20,12113,2326930
2018-09-21,12013,3333690
2018-09-24,12044,2071220
2018-09-25,12051,1921090
2018-09-26,11991,3304810
2018-09-27,11823,49470
2018-09-28,11962,3009280
2018-10-01,11917,2136170
2018-10-02,12070,3502400
2018-10-03,12029,2468320
2018-10-04,12016,2803140
2018-10-05,12056,2502190
2018-10-08,11844,2500
2018-10-09,11915,2369410
2018-10-10,11934,2431180
2018-10-11,12276,5030850
2018-10-12,12220,3093920
2018-10-15,12264,1360
2018-10-16,12310,2333930
2018-10-17,12274,2282070
2018-10-18,12301,2391330
2018-10-19,12287,1886480
2018-10-22,12246,1801320
2018-10-23,12368,2763250
2018-10-24,12311,2042890
2018-10-25,12324,2527800
2018-10-26,12358,3048960
2018-10-29,12276,2252040
2018-10-30,12253,2186240
2018-10-31,12150,2318550
2018-11-01,12386,2932510
2018-11-02,12333,2495870
2018-11-05,12323,1572530
2018-11-06,12263,1886600
2018-11-07,12287,2520720
2018-11-08,12251,2296140
2018-11-09,12086,3064620
2018-11-13,11992,50
2018-11-14,12101,2687880
2018-11-15,12150,2349660
2018-11-16,12230,2373670
2018-11-19,12253,1899070
2018-11-20,12212,2458880
2018-11-23,12232,2349080
2018-11-26,12287,1416460
2018-11-27,12199,1326940
2018-11-28,12298,1995180
2018-11-29,12304,2296280
2018-11-30,12260,1587630
2018-12-03,12396,2338160
2018-12-04,12466,2145140
2018-12-05,12426,1042830
2018-12-06,12436,2388600
2018-12-07,12526,2154140
2018-12-10,12494,1909570
2018-12-11,12472,1760250
2018-12-12,12500,1444620
2018-12-13,12474,1484960
2018-12-14,12414,1836250
2018-12-17,12518,1565080
2018-12-18,12536,1643610
2018-12-19,12564,2613310
2018-12-20,12679,3038140
2018-12-21,12581,2000240
2018-12-24,12718,1304550
2018-12-26,12730,1981750
2018-12-27,12811,2007170
2018-12-28,12830,1553540
2018-12-31,12813,1089130
2019-01-02,12841,2225780
2019-01-03,12948,2295320
2019-01-04,12858,2990760
2019-01-07,12899,1971760
2019-01-08,12859,2064390
2019-01-09,12920,2324910
2019-01-10,12874,2279420
2019-01-11,12895,2003930
2019-01-15,12884,2296240
2019-01-16,12938,1732840
2019-01-17,12923,1882410
2019-01-18,12826,1008260
2019-01-22,12834,3077040
2019-01-23,12902,608190
2019-01-24,12859,687840
2019-01-25,13042,878780
2019-01-28,13093,1228690
2019-01-29,13152,1717690
2019-01-30,13155,2625390
2019-01-31,13252,2155520
2019-02-01,13221,1929240
2019-02-04,13193,1476990
2019-02-05,13192,1227580
2019-02-06,13144,1332440
2019-02-07,13142,1597280
2019-02-08,13185,1318640
2019-02-11,13070,1190
2019-02-12,13140,1441190
2019-02-13,13108,1430
2019-02-14,13139,2194850
2019-02-19,13448,3343250
2019-02-20,13479,2352910
2019-02-21,13278,2773890
2019-02-22,13328,2367370
2019-02-25,13295,1763220
2019-02-26,13285,1792920
2019-02-27,13177,6040
2019-02-28,13161,2388040
2019-03-01,12992,3287800
2019-03-04,12875,2536310
2019-03-05,12847,2076400
2019-03-06,12876,1871950
2019-03-07,12861,2461030
2019-03-08,12993,2708050
2019-03-11,12911,1873050
2019-03-13,13093,2042460
2019-03-14,12934,10
2019-03-15,13029,2246850
2019-03-18,13015,1725610
2019-03-19,13065,2030290
2019-03-21,13136,598290
2019-03-22,13187,787160
2019-03-25,13290,839490
2019-03-26,13214,1197760
2019-03-27,13169,1970670
2019-03-28,12953,4070790
2019-03-29,12985,2603810
2019-04-01,12942,2298960
2019-04-02,12954,1906670
2019-04-03,12953,1864200
2019-04-04,12943,2503060
2019-04-05,12956,2276170
2019-04-08,12971,630
2019-04-09,13083,1966700
2019-04-10,13139,2129490
2019-04-11,12933,3111010
2019-04-12,12952,1851770
2019-04-15,12913,2222090
2019-04-16,12772,3088660
2019-04-17,12768,2099650
2019-04-18,12760,2196950
2019-04-22,12776,1333270
2019-04-23,12732,2713770
2019-04-24,12794,2359660
2019-04-25,12797,2305430
2019-04-26,12888,2680330
2019-04-29,12815,1992970
2019-04-30,12828,1140
2019-05-01,12842,2699440
2019-05-02,12720,2738950
2019-05-03,12813,2693530
2019-05-06,12838,2406720
2019-05-07,12856,2415020
2019-05-08,12814,2882970
2019-05-09,12852,2968150
2019-05-10,12874,2272370
2019-05-13,13018,3624800
2019-05-14,12963,2150090
2019-05-15,12978,2410400
2019-05-16,12862,2569060
2019-05-17,12757,2551250
2019-05-20,12773,2062700
2019-05-21,12732,2049840
2019-05-22,12742,1864040
2019-05-23,12910,716300
2019-05-24,12892,236850
2019-05-28,12825,2070530
2019-05-29,12863,1946960
2019-05-30,12871,555730
2019-05-31,13111,3221760
2019-06-03,13279,3470540
2019-06-04,13234,3020
2019-06-05,13336,3918800
2019-06-06,13427,2524640
2019-06-07,13461,3140480
2019-06-10,13293,2205330
2019-06-11,13312,2041790
2019-06-12,13368,2269290
2019-06-13,13437,1978760
2019-06-14,13445,3460860
2019-06-17,13429,2308330
2019-06-18,13507,3648390
2019-06-19,13488,3207200
2019-06-20,13969,5117670
2019-06-21,14001,4966450
2019-06-24,14182,3599310
2019-06-25,14187,6183090
2019-06-26,14116,840
2019-06-27,14120,3245560
2019-06-28,14097,2979640
2019-07-01,13856,2140
2019-07-02,14080,3722030
2019-07-03,14209,1188320
2019-07-05,14001,5555640
2019-07-08,14000,3039060
2019-07-09,14005,2760080
2019-07-10,14125,4264380
2019-07-11,14067,3807650
2019-07-12,14122,2720920
2019-07-15,14135,2312660
2019-07-16,14112,3271800
2019-07-18,14281,4677730
2019-07-19,14267,5091380
2019-07-22,14269,2476080
2019-07-23,14217,3801160
2019-07-24,14365,652180
2019-07-25,14275,1129020
2019-07-29,14333,1684470
2019-07-30,14418,2483180
2019-07-31,14378,4068860
2019-08-01,14324,5675230
2019-08-02,14575,4711090
2019-08-05,14646,10080
2019-08-06,14842,3759370
2019-08-07,15073,8240
2019-08-08,15095,3853400
2019-08-09,15085,3255900
2019-08-12,15172,3383400
2019-08-13,15141,5980820
2019-08-14,15278,4745080
2019-08-15,15312,4286180
2019-08-16,15236,3145970
2019-08-19,15116,2893290
2019-08-20,15157,2403910
2019-08-21,15157,2389720
2019-08-23,15376,4592030
2019-08-26,15372,4075000
2019-08-27,15518,3348730
2019-08-28,15491,3425560
2019-08-29,15369,4394280
2019-08-30,15292,3206570
2019-09-03,15559,5415750
2019-09-04,15604,4047790
2019-09-05,15255,5867380
2019-09-06,15062,540
2019-09-09,15111,3123500
2019-09-10,14992,3903570
2019-09-11,15032,2968490
2019-09-12,15074,4806620
2019-09-17,15134,3297510
2019-09-18,15158,3521790
2019-09-19,15062,2818650
2019-09-23,15315,3495890
2019-09-24,15321,250
2019-09-25,15123,4627420
2019-09-26,15152,3679340
2019-09-27,15064,4362890
2019-09-30,14729,4247590
2019-10-01,14890,4408040
2019-10-02,15010,2050
2019-10-03,15138,4001300
2019-10-04,15062,2330
2019-10-08,14972,460
2019-10-09,15128,2772420
2019-10-10,15009,4018490
2019-10-11,14887,4626930
2019-10-14,14976,2210490
2019-10-15,14835,3071050
2019-10-16,14940,3600830
2019-10-17,14983,2965460
2019-10-18,14882,820
2019-10-21,14881,2721950
2019-10-22,14875,2009310
2019-10-23,14957,2354830
2019-10-24,15047,2900740
2019-10-25,14995,930
2019-10-28,14958,3104720
2019-10-29,14907,2830380
2019-10-30,14932,3200
2019-10-31,15148,3753940
2019-11-01,15080,2350
2019-11-04,15111,2504750
2019-11-05,14837,5730180
2019-11-06,14931,3024000
2019-11-11,14571,2953940
2019-11-12,14521,60
2019-11-13,14633,3359800
2019-11-14,14734,3121080
2019-11-18,14719,3250330
2019-11-19,14733,180
2019-11-20,14700,310
2019-11-21,14705,739790
2019-11-22,14688,779020
2019-11-25,14638,1212380
2019-11-26,14674,2717540
2019-11-27,14534,881640
2019-11-29,14727,2592900
2019-12-02,14692,3042420
2019-12-03,14782,14600
2019-12-04,14802,3119090
2019-12-05,14831,2318440
2019-12-06,14591,8990
2019-12-09,14649,1636820
2019-12-10,14626,3670
2019-12-12,14723,3966570
2019-12-13,14756,4680
2019-12-16,14805,1604160
2019-12-17,14806,1673590
2019-12-18,14787,1909750
2019-12-19,14782,3190
2019-12-23,14887,1558020
2019-12-26,15144,2135920
2019-12-27,15181,1947360
2019-12-30,15186,1698130
2019-12-31,15195,3010
2020-01-02,15281,2578670
2020-01-03,15492,1070
2020-01-06,15688,5390230
2020-01-07,15743,4181450
2020-01-08,15602,7872170
2020-01-09,15543,3545230
2020-01-10,15575,160
2020-01-13,15506,2966190
2020-01-14,15446,3237820
2020-01-15,15540,2977770
2020-01-16,15505,2530760
2020-01-21,15564,450
2020-01-22,15567,2765210
2020-01-23,15716,653190
2020-01-27,15837,1344230
2020-01-28,15758,1910390
2020-01-29,15760,2253890
2020-01-30,15892,3712860
2020-01-31,15829,10950
2020-02-03,15824,3034580
2020-02-04,15555,3281920
2020-02-05,15628,2974180
2020-02-06,15700,2216120
2020-02-07,15686,4310
2020-02-10,15795,1862470
2020-02-11,15656,4400
2020-02-12,15716,1834100
2020-02-13,15788,2642930
2020-02-18,16000,3100
2020-02-19,16118,2985360
2020-02-20,16205,3891440
2020-02-21,16446,1860
2020-02-25,16500,6546600
2020-02-26,16431,5157710
2020-02-27,16425,5605470
2020-03-02,15923,5370
2020-03-03,16421,6100
2020-03-04,16430,2972510
2020-03-05,16664,1540
2020-03-06,16724,6190510
2020-03-09,16757,4671100
2020-03-10,16591,480
2020-03-11,16423,3734620
2020-03-12,15903,5534570
2020-03-13,15167,5244710
2020-03-16,14865,5358600
2020-03-17,15249,1220
2020-03-18,14779,4123320
2020-03-19,14793,3060160
2020-03-23,15727,958480
2020-03-24,16602,4420
2020-03-25,16343,1045470
2020-03-26,16603,1348610
2020-03-30,16432,1442900
2020-03-31,15834,26940
2020-04-01,15914,1593770
2020-04-02,16377,1621510
2020-04-03,16337,6430
2020-04-06,16770,10630
2020-04-07,16837,1942630
2020-04-08,16843,1213460
2020-04-13,17448,6960
2020-04-14,17689,2344390
2020-04-15,17402,1813420
2020-04-16,17317,1998230
2020-04-17,16892,2230
2020-04-20,17112,1836360
2020-04-21,16878,2407430
2020-04-22,17383,1878640
2020-04-23,17454,1944950
2020-04-24,17235,2210
2020-04-27,17238,1427210
2020-04-28,17222,1666060
2020-04-29,17034,3730
2020-04-30,16942,2287300
2020-05-01,16945,3370
2020-05-04,17133,1463070
2020-05-05,17106,1795770
2020-05-06,16885,1963130
2020-05-07,17258,2333810
2020-05-08,17099,3300
2020-05-11,16980,1844550
2020-05-12,17068,1826750
2020-05-13,17164,2045330
2020-05-14,17409,2086010
2020-05-18,17344,2648480
2020-05-19,17456,1816730
2020-05-20,17506,160
2020-05-21,17219,2259410
2020-05-26,17282,1465820
2020-05-27,17268,1567460
2020-05-28,17283,1591740
2020-05-29,17369,14060
2020-06-01,17503,1428070
2020-06-02,17340,1720300
2020-06-03,17048,2490360
2020-06-04,17274,1938730
2020-06-05,16830,2670860
2020-06-08,17051,1514610
2020-06-09,17219,1781280
2020-06-10,17207,1955930
2020-06-11,17398,2022140
2020-06-12,17373,1481760
2020-06-15,17272,1952050
2020-06-16,17365,1777020
2020-06-17,17356,1378790
2020-06-18,17311,1526280
2020-06-19,17530,1749810
2020-06-22,17664,2194600
2020-06-23,17820,1900180
2020-06-24,17751,2306100
2020-06-25,17706,1487880
2020-06-26,17803,1959630
2020-06-29,17812,1284410
2020-06-30,18005,1903510
2020-07-01,17799,2585410
2020-07-02,17900,1810170
2020-07-06,17935,1405640
2020-07-07,18099,2172290
2020-07-08,18206,2327080
2020-07-09,18038,2652800
2020-07-10,18019,2082640
2020-07-13,18141,2180060
2020-07-14,18134,2359920
2020-07-15,18138,1792670
2020-07-16,18003,1908410
2020-07-17,18100,1626840
2020-07-20,18174,1739830
2020-07-21,18439,2656770
2020-07-22,18651,3767050
2020-07-23,18900,4003580
2020-07-24,18975,2880880
2020-07-27,19554,1274870
2020-07-28,19639,1544850
2020-07-29,19767,1910330
2020-07-30,19668,2686060
2020-07-31,19859,2754600
2020-08-03,19863,1767290
2020-08-04,20210,2697900
2020-08-05,20493,3619490
2020-08-06,20694,3075170
2020-08-07,20280,3910170
2020-08-10,20397,2486440
2020-08-11,19463,5566170
2020-08-12,19490,4503940
2020-08-13,19704,3460000
2020-08-14,19498,2370920
2020-08-17,19987,2855800
2020-08-18,20131,3582720
2020-08-19,19703,4404050
2020-08-20,19465,3789700
2020-08-21,19470,3527730
2020-08-24,19392,2845400
2020-08-25,19231,2716410
2020-08-26,19525,3380490
2020-08-27,19326,4619900
2020-08-28,19749,3296090
2020-08-31,19786,2425770
2020-09-01,19789,3002270
2020-09-02,19447,3261300
2020-09-03,19378,3002820
2020-09-04,19343,3009210
2020-09-08,19432,4120830
2020-09-09,19549,2241900
2020-09-11,19479,2028590
2020-09-14,19637,1967630
2020-09-15,19662,2326980
2020-09-16,19705,2870730
2020-09-17,19499,2631920
2020-09-18,19621,1742420
2020-09-21,19106,3805260
2020-09-22,19076,2794410
2020-09-23,18684,4020110
2020-09-24,18769,3383610
2020-09-25,18663,2260760
2020-09-28,18823,2329070
2020-09-29,19032,2134820
2020-09-30,18955,2564460
2020-10-01,19163,2570470
2020-10-02,19076,2096960
2020-10-05,19201,1760900
2020-10-06,19088,1726050
2020-10-07,18908,1832950
2020-10-08,18951,1799680
2020-10-09,19262,2248080
2020-10-12,19289,1559060
2020-10-13,18946,2600440
2020-10-14,19073,1853740
2020-10-15,19089,2056150
2020-10-16,19064,1440940
2020-10-19,19117,1554790
2020-10-21,19295,1947540
2020-10-22,19046,2080870
2020-10-23,19052,1681480
2020-10-26,19057,1618410
2020-10-27,19119,1490560
2020-10-29,18680,2195920
2020-11-02,18925,1619580
2020-11-06,19517,2339030
2020-11-11,18616,2010670
2020-11-12,18733,1995430
2020-11-16,18878,2179910
2020-11-17,18851,1550990
2020-11-25,18112,1211120
2020-11-27,17881,2770910
2020-11-30,17809,2352850
2020-12-01,18189,1971840
2020-12-03,18411,1779880
2020-12-04,18400,1673010
2020-12-08,18749,1479020
2020-12-09,18385,2168430
2020-12-10,18374,1625130
2020-12-11,18436,1506340
2020-12-15,18553,1692180
2020-12-16,18591,1967020
2020-12-17,18904,2131700
2020-12-18,18889,1499600
2020-12-21,18828,2269970
2020-12-22,18703,1731830
2020-12-23,18781,1578560
2020-12-24,18832,874450
2020-12-28,18804,1945450
2020-12-29,18829,1459050
2020-12-30,18934,1286880
2020-12-31,18951,1275780
2021-01-04,19466,2616750
2021-01-05,19544,1921110
2021-01-06,19086,3561820
2021-01-07,19136,1923650
2021-01-08,18354,4224850
2021-01-11,18508,2531900
2021-01-13,18549,2035440
2021-01-14,18514,2421260
2021-01-15,18299,2247250
2021-01-19,18402,3248290
2021-01-22,18599,747630
2021-01-25,18590,861970
2021-01-26,18548,898950
2021-01-29,18503,2694740
2021-02-01,18639,2376500
2021-02-02,18334,2266760
2021-02-03,18351,1345520
2021-02-04,17912,2697310
2021-02-05,18130,2026120
2021-02-08,18342,1719780
2021-02-09,18375,1513530
2021-02-10,18427,1735080
2021-02-11,18268,1435970
2021-02-19,17774,2472880
2021-02-22,18084,2161290
2021-02-23,18059,1870780
2021-02-24,17979,2202400
2021-03-01,17230,2380370
2021-03-02,17336,2305140
2021-03-03,17158,2517410
2021-03-04,17007,2710770
2021-03-05,16985,2549270
2021-03-08,16780,2581000
2021-03-09,17169,2335650
2021-03-10,17218,2136790
2021-03-11,17226,1971680
2021-03-12,17198,2229950
2021-03-15,17292,1588390
2021-03-16,17309,1704630
2021-03-17,17271,2140840
2021-03-18,17346,189420
2021-03-19,17439,368590
2021-03-22,17404,362600
2021-03-24,17355,688200
2021-03-26,17347,988820
2021-03-29,17146,1718760
2021-03-30,16860,2188120
2021-03-31,17156,2053460
2021-04-01,17284,1666880
2021-04-05,17288,1005750
2021-04-08,17582,1406480
2021-04-09,17448,1650110
2021-04-16,17802,1679440
2021-04-19,17706,1781140
2021-04-20,17784,1650140
2021-04-23,17778,1717720
2021-04-27,17788,1404690
2021-04-28,17739,1906260
2021-05-04,17760,2250830
2021-05-10,18376,2546570
2021-05-12,18228,3239110
2021-05-13,18240,2384430
2021-05-14,18381,2220900
2021-05-20,18839,431100
2021-05-21,18789,517990
2021-05-24,18867,518240
2021-05-26,19038,1726960
2021-05-28,19053,1940690
2021-06-02,19099,1604140
2021-06-07,18988,1423150
2021-06-08,18944,1701660
2021-06-09,18955,1438910
2021-06-10,18964,2446980
2021-06-11,18796,2136810
2021-06-14,18659,2357080
2021-06-15,18564,1524100
2021-06-16,18614,2286050
2021-06-17,17748,3723680
2021-06-18,17690,2546410
2021-06-21,17829,1872490
2021-06-22,17774,1672930
2021-06-23,17834,1750840
2021-06-24,17767,1488720
2021-06-25,17778,1581210
2021-06-28,17807,1584670
2021-06-29,17636,2327010
2021-06-30,17716,1691110
2021-07-01,17768,1672600
2021-07-02,17833,2023650
2021-07-06,17942,2730150
2021-07-07,18021,1680500
2021-07-08,18002,2340210
2021-07-09,18106,1729280
2021-07-12,18059,1881540
2021-07-13,18099,2276380
2021-07-14,18250,2049980
2021-07-15,18290,1687880
2021-07-16,18150,1815350
2021-07-19,18092,2476510
2021-07-20,18114,2167470
2021-07-21,18074,640120
2021-07-22,18092,533430
2021-07-23,18059,882140
2021-07-26,18034,813900
2021-07-27,18040,767070
2021-07-28,18046,1952980
2021-07-29,18358,2049180
2021-07-30,18172,1522360
2021-08-02,18222,1574140
2021-08-03,18141,1014600
2021-08-04,18145,2371400
2021-08-05,18089,1662870
2021-08-06,17631,3057780
2021-08-09,17265,2823880
2021-08-10,17317,1782530
2021-08-11,17533,1813060
2021-08-12,17518,1339900
2021-08-13,17782,1406890
2021-08-16,17898,1338210
2021-08-17,17878,1424760
2021-08-18,17844,1311900
2021-08-19,17831,1475340
2021-08-20,17840,1064950
2021-08-23,18063,1502380
2021-08-24,18085,1129530
2021-08-25,17910,1605250
2021-08-26,17952,1310780
2021-08-27,18195,1987600
2021-08-30,18122,1025790
2021-08-31,18181,1622090
2021-09-01,18160,1388020
2021-09-02,18115,1110990
2021-09-03,18337,1819320
2021-09-07,17985,2485980
2021-09-08,17935,1581040
2021-09-09,18000,1520370
2021-09-10,17921,1341480
2021-09-13,17944,1108700
2021-09-14,18071,1938350
2021-09-15,17948,1375130
2021-09-16,17567,2436130
2021-09-17,17514,1806730
2021-09-20,17638,1505730
2021-09-21,17782,1399000
2021-09-22,17788,1699370
2021-09-23,17498,2200980
2021-09-24,17517,1477360
2021-09-27,17520,1358110
2021-09-28,17375,2118210
2021-09-29,17229,1754200
2021-09-30,17570,2379670
2021-10-01,17584,1488900
2021-10-04,17676,1639440
2021-10-05,17609,1500830
2021-10-06,17618,1566750
2021-10-07,17592,1438810
2021-10-08,17574,2348100
2021-10-11,17557,1131140
2021-10-12,17593,1653670
2021-10-13,17947,2924400
2021-10-14,17979,1605750
2021-10-15,17683,1993060
2021-10-18,17657,1512750
2021-10-19,17705,1635900
2021-10-20,17849,1712910
2021-10-21,17819,1369360
2021-10-22,17963,3017660
2021-10-25,18068,1482220
2021-10-26,17934,1956020
2021-10-27,17988,1801960
2021-10-28,18026,2164640
2021-10-29,17839,2485530
2021-11-01,17958,1403660
2021-11-02,17894,1415900
2021-11-03,17639,2480470
2021-11-04,17935,2130340
2021-11-05,18168,2765800
2021-11-08,18280,1800980
2021-11-09,18308,2023630
2021-11-10,18483,3232660
2021-11-11,18639,1787010
2021-11-12,18685,1920070
2021-11-15,18666,2082170
2021-11-16,18541,2124950
2021-11-17,18728,303190
2021-11-18,18640,482410
2021-11-19,18543,613070
2021-11-22,18091,1361640
2021-11-23,17863,1467540
2021-11-24,17869,1013040
2021-11-26,17881,1736050
2021-11-29,17852,1453470
2021-11-30,17765,2345880
2021-12-01,17843,1721760
2021-12-02,17627,1644920
2021-12-03,17839,1700920
2021-12-06,17795,998400
2021-12-07,17847,1245830
2021-12-08,17855,1065550
2021-12-09,17767,1210450
2021-12-10,17848,1400320
2021-12-13,17883,1039990
2021-12-14,17723,1481820
2021-12-15,17645,1580710
2021-12-16,17982,1641020
2021-12-17,18049,1526400
2021-12-20,17946,1041460
2021-12-21,17887,1311200
2021-12-22,18022,1072010
2021-12-23,18117,1011780
2021-12-27,18088,803230
2021-12-28,18109,976050
2021-12-29,18058,1356500
2021-12-30,18141,1101420
2021-12-31,18286,1013240
2022-01-03,18001,1633000
2022-01-04,18146,1621240
2022-01-05,18251,1676510
2022-01-06,17892,2331800
2022-01-07,17974,2189410
2022-01-10,17988,1539340
2022-01-11,18185,1651520
2022-01-12,18273,1735490
2022-01-13,18214,1973050
2022-01-14,18165,1649130
2022-01-18,18124,3473050
2022-01-19,18455,847880
2022-01-20,18449,782020
2022-01-21,18341,665960
2022-01-24,18442,1005860
2022-01-25,18550,715950
2022-01-26,18320,1464410
2022-01-27,17950,1980300
2022-01-28,17866,2118390
2022-01-31,17964,1346230
2022-02-01,18015,1252280
2022-02-02,18103,1200570
2022-02-03,18041,1687830
2022-02-04,18078,1755210
2022-02-07,18218,1371120
2022-02-08,18279,1381510
2022-02-09,18366,1287350
2022-02-10,18374,2218860
2022-02-11,18421,2324250
2022-02-14,18694,2202920
2022-02-15,18562,2084280
2022-02-16,18715,1363480
2022-02-17,19020,2516800
2022-02-18,18998,1554840
2022-02-22,19074,3232100
2022-02-23,19104,1514170
2022-02-24,19263,4099540
2022-02-25,18876,2209630
2022-02-28,19007,2394160
2022-03-01,19438,2150910
2022-03-02,19223,2210280
2022-03-03,19359,1709940
2022-03-04,19666,2282050
2022-03-07,19959,3455260
2022-03-08,20433,4136240
2022-03-09,19882,3298220
2022-03-10,20004,2799440
2022-03-11,19850,2342580
2022-03-14,19608,1468700
2022-03-15,19297,2087520
2022-03-16,19092,1884710
2022-03-17,19482,326400
2022-03-18,19339,340500
2022-03-21,19348,464030
2022-03-22,19267,461650
2022-03-23,19426,481410
2022-03-24,19677,652180
2022-03-25,19598,601370
2022-03-28,19447,1065630
2022-03-29,19180,2073310
2022-03-30,19390,1332010
2022-03-31,19540,1437560
2022-04-01,19237,1297700
2022-04-04,19340,1060620
2022-04-05,19275,1427360
2022-04-06,19231,1490650
2022-04-07,19378,1196720
2022-04-08,19456,1385210
2022-04-11,19482,1791150
2022-04-12,19761,1672670
2022-04-13,19847,1283530
2022-04-14,19749,1369060
2022-04-18,19864,1354910
2022-04-19,19590,1760330
2022-04-20,19556,1360170
2022-04-21,19482,1497000
2022-04-22,19343,1723350
2022-04-25,18960,2221750
2022-04-26,19041,1591980
2022-04-27,18887,1687590
2022-04-28,18913,1669790
2022-04-29,19117,1695900
2022-05-02,18636,1860520
2022-05-03,18706,1611500
2022-05-04,18688,1559720
2022-05-05,18757,2122060
2022-05-06,18828,1656270
2022-05-09,18586,1945200
2022-05-10,18410,2351220
2022-05-11,18537,2193350
2022-05-12,18246,2304550
2022-05-13,18082,1721270
2022-05-16,18140,1565210
2022-05-17,18189,1347580
2022-05-18,18224,333010
2022-05-19,18478,367820
2022-05-20,18484,405220
2022-05-23,18539,575860
2022-05-24,18714,692250
2022-05-25,18525,959960
2022-05-26,18539,883450
2022-05-27,18573,1199970
2022-05-31,18484,1913760
2022-06-01,18487,1525680
2022-06-02,18714,1231960
2022-06-03,18502,1105020
2022-06-06,18437,957420
2022-06-07,18521,1151250
2022-06-08,18565,1100220
2022-06-09,18528,1239460
2022-06-10,18755,2586830
2022-06-13,18318,2435120
2022-06-14,18135,1553760
2022-06-15,18196,1982650
2022-06-16,18499,1737200
2022-06-17,18406,1379670
2022-06-21,18388,1718310
2022-06-22,18384,1424280
2022-06-24,18303,1342830
2022-06-27,18248,1354960
2022-06-28,18212,1038120
2022-06-29,18175,1477610
2022-06-30,18073,1967880
2022-07-01,18015,2386510
2022-07-05,17639,2930940
2022-07-06,17365,2490790
2022-07-07,17397,1430280
2022-07-08,17423,1669390
2022-07-11,17317,1518020
2022-07-12,17248,2304480
2022-07-13,17355,2694770
2022-07-14,17058,2423010
2022-07-15,17036,1722400
2022-07-18,17102,1444090
2022-07-19,17281,234190
2022-07-20,17177,473290
2022-07-21,17313,565320
2022-07-22,17453,704820
2022-07-25,17371,738730
2022-07-26,17357,844670
2022-07-27,17375,1140580
2022-07-28,17692,1868130
2022-07-29,17818,1368930
2022-08-01,17877,1314630
2022-08-02,17897,1694960
2022-08-03,17764,1470850
2022-08-04,18069,1462080
2022-08-05,17912,1641730
2022-08-08,18052,1014770
2022-08-09,18123,1176890
2022-08-10,18137,1515840
2022-08-11,18072,1152210
2022-08-12,18155,1146000
2022-08-15,17981,1343610
2022-08-16,17897,905140
2022-08-17,17767,1345210
2022-08-18,17712,1196860
2022-08-19,17629,1337140
2022-08-22,17484,1378830
2022-08-23,17612,1406030
2022-08-24,17615,1114050
2022-08-25,17714,1145390
2022-08-26,17498,1696540
2022-08-29,17497,1518380
2022-08-30,17363,1260180
2022-08-31,17262,1695490
2022-09-01,17093,1925320
2022-09-02,17226,1711400
2022-09-06,17129,2020210
2022-09-07,17278,1696900
2022-09-08,17202,1823020
2022-09-09,17286,1515760
2022-09-12,17406,1525880
2022-09-13,17174,2289660
2022-09-14,17091,1597970
2022-09-15,16773,2570010
2022-09-16,16835,2095060
2022-09-19,16782,1383360
2022-09-20,16711,1407650
2022-09-21,16757,2219020
2022-09-22,16811,2324070
2022-09-23,16556,2365700
2022-09-26,16334,2138730
2022-09-27,16362,1925650
2022-09-28,16700,2709520
2022-09-29,16686,1966330
2022-09-30,16720,1731440
2022-10-03,17020,2078580
2022-10-04,17305,1994260
2022-10-05,17208,1680000
2022-10-06,17209,1343330
2022-10-07,17093,1538130
2022-10-10,16752,1526260
2022-10-11,16860,1660650
2022-10-12,16775,1276890
2022-10-17,16640,1443740
2022-10-19,16342,1725510
2022-10-20,16368,1597970
2022-10-21,16563,2659850
2022-10-24,16541,1674480
2022-10-25,16580,1787060
2022-10-26,16692,1834530
2022-10-27,16688,1805990
2022-10-28,16483,1865190
2022-10-31,16483,1244450
2022-11-01,16364,1931780
2022-11-02,16510,2154450
2022-11-03,16377,2416480
2022-11-04,16857,2795250
2022-11-07,16805,1704910
2022-11-08,17160,2769960
2022-11-09,17158,2216270
2022-11-10,17537,2848650
2022-11-11,17742,1826460
2022-11-14,17742,1840220
2022-11-15,17747,2768280
2022-11-16,17758,1918700
2022-11-17,17630,1645530
2022-11-18,17690,296950
2022-11-21,17546,649120
2022-11-22,17548,577640
2022-11-23,17604,721540
2022-11-25,17688,622380
2022-11-28,17553,1269380
2022-11-29,17637,1255010
2022-11-30,17599,1831770
2022-12-01,18152,2192460
2022-12-02,18096,1771520
2022-12-05,17813,1759050
2022-12-06,17824,1233440
2022-12-07,17980,1496000
2022-12-08,18015,1117610
2022-12-09,18107,1453720
2022-12-12,17923,1053140
2022-12-13,18255,2227250
2022-12-14,18187,1404900
2022-12-15,17878,1796530
2022-12-16,18002,1263600
2022-12-19,17977,840870
2022-12-20,18254,1918230
2022-12-21,18239,1032690
2022-12-22,17953,1689890
2022-12-23,18042,1004130
2022-12-27,18231,1561890
2022-12-28,18158,1107050
2022-12-29,18260,1032830
2022-12-30,18262,1039260
2023-01-03,18461,2068180
2023-01-04,18590,1937600
2023-01-05,18406,1778510
2023-01-06,18697,2081870
2023-01-09,18778,1838690
2023-01-10,18765,1501150
2023-01-11,18789,2017610
2023-01-12,18988,2434970
2023-01-13,19217,2267500
2023-01-17,19099,2536930
2023-01-18,19070,2097820
2023-01-19,19239,2044700
2023-01-20,19282,1610730
2023-01-23,19454,556960
2023-01-24,19522,823560
2023-01-25,19594,815440
2023-01-26,19467,1277360
2023-01-27,19456,1424480
2023-01-30,19392,1343620
2023-01-31,19453,1890460
2023-02-01,19428,2050370
2023-02-02,19308,2429310
2023-02-03,18766,2966690
2023-02-06,18795,1587610
2023-02-07,18848,1729460
2023-02-08,18907,1262600
2023-02-09,18785,1778740
2023-02-10,18745,1501440
2023-02-13,18635,1273430
2023-02-14,18654,2098310
2023-02-15,18453,1655700
2023-02-16,18518,1635210
2023-02-17,18502,1611540
2023-02-21,18425,2052560
2023-02-22,18415,1379550
2023-02-23,18268,1741520
2023-02-24,18171,1629610
2023-02-27,18249,1271380
2023-02-28,18367,1752220
2023-03-01,18454,1795010
2023-03-02,18405,1354930
2023-03-03,18546,1525350
2023-03-06,18524,1309940
2023-03-07,18200,2254790
2023-03-08,18186,1869480
2023-03-09,18346,2077020
2023-03-10,18672,3196960
2023-03-13,19165,4262620
2023-03-14,19109,2544420
2023-03-15,19313,3767750
2023-03-16,19230,2429830
2023-03-17,19902,634330
2023-03-20,19997,660380
2023-03-21,19411,2429140
2023-03-22,19496,2401550
2023-03-23,19959,2570400
2023-03-24,19838,2762990
2023-03-27,19538,2023210
2023-03-28,19735,1816410
2023-03-29,19669,879110
2023-03-30,19803,99790
2023-03-31,19690,9570
2023-04-03,19839,7370
2023-04-04,20222,8110
2023-04-05,20209,5250
2023-04-06,20264,1454010
2023-04-10,20038,1332040
2023-04-11,20190,1229020
2023-04-12,20249,2207980
2023-04-13,20553,1906410
2023-04-14,20158,2595810
2023-04-17,20070,1786310
2023-04-18,20197,1607160
2023-04-19,20073,2142730
2023-04-20,20191,1589150
2023-04-21,19905,2057000
2023-04-24,19998,1368540
2023-04-25,20045,2141070
2023-04-26,19960,2311100
2023-04-27,19990,1980560
2023-04-28,19991,1669350
2023-05-01,19922,1695450
2023-05-02,20233,2382780
2023-05-03,20370,2235000
2023-05-04,20557,3041060
2023-05-05,20248,2612520
2023-05-08,20332,1640880
2023-05-09,20429,1819490
2023-05-10,20371,2428390
2023-05-11,20205,2758460
2023-05-12,20198,2141110
2023-05-15,20227,1592520
2023-05-16,19930,2242030
2023-05-17,19849,2002510
2023-05-18,19598,2215940
2023-05-19,19816,2287200
2023-05-22,19772,1619970
2023-05-23,19745,2074330
2023-05-24,19646,2258890
2023-05-25,19437,2470780
2023-05-26,19443,1630260
2023-05-30,19580,378380
2023-05-31,19639,57100
2023-06-01,19780,7500
2023-06-02,19524,3560
2023-06-05,19580,7130
2023-06-07,19584,1861540
2023-06-08,19786,1868110
2023-06-09,19772,1276180
2023-06-12,19697,1191210
2023-06-13,19586,1943860
2023-06-14,19689,1957050
2023-06-15,19707,2585590
2023-06-16,19712,1576360
2023-06-20,19477,2443670
2023-06-21,19449,1765550
2023-06-22,19237,1651830
2023-06-23,19296,1812730
2023-06-26,19338,1454190
2023-06-27,19238,1770060
2023-06-28,19222,1551190
2023-06-29,19179,2002680
2023-06-30,19294,1748770
2023-07-03,19295,1501760
2023-07-05,19271,2429430
2023-07-06,19154,2265270
2023-07-07,19325,2081130
2023-07-10,19310,1951090
2023-07-11,19371,1748420
2023-07-12,19617,2509820
2023-07-13,19638,2191330
2023-07-14,19644,1911500
2023-07-17,19564,1619630
2023-07-18,19808,2569700
2023-07-19,19804,1559750
2023-07-20,19709,1865600
2023-07-21,19666,1525400
2023-07-24,19622,1935720
2023-07-25,19637,1825630
2023-07-26,19701,2044840
2023-07-27,19457,1923700
2023-07-28,19604,227050
2023-07-31,19705,10250
2023-08-02,19374,6520
2023-08-03,19320,7730
2023-08-04,19396,2900
2023-08-07,19700,1011700
2023-08-08,19599,1385810
2023-08-09,19506,1307390
2023-08-10,19489,1638050
2023-08-11,19466,1190900
2023-08-14,19440,1175140
2023-08-15,19352,1615120
2023-08-16,19283,1247660
2023-08-17,19152,1467700
2023-08-18,19165,1103370
2023-08-21,19230,1354150
2023-08-22,19260,1262260
2023-08-23,19481,1623150
2023-08-24,19471,1337270
2023-08-25,19399,1637330
2023-08-28,19468,1135650
2023-08-29,19651,1693330
2023-08-30,19730,1383980
2023-08-31,19659,1259450
2023-09-01,19671,1582690
2023-09-05,19526,1879350
2023-09-06,19442,1452710
2023-09-07,19425,1140970
2023-09-08,19427,1362350
2023-09-12,19351,1550340
2023-09-13,19325,1562090
2023-09-14,19328,1962200
2023-09-15,19462,1953420
2023-09-18,19534,1345290
2023-09-19,19537,1268710
2023-09-20,19671,2127310
2023-09-21,19396,2182110
2023-09-22,19456,1351930
2023-09-25,19366,1555170
2023-09-26,19198,2021050
2023-09-27,18909,2211390
2023-09-28,18786,2173530
2023-09-29,18661,2347560
2023-10-02,18472,1915990
2023-10-03,18415,2081100
2023-10-04,18348,1872670
2023-10-05,18318,1636800
2023-10-06,18452,2245440
2023-10-09,18643,1834510
2023-10-10,18753,1528650
2023-10-11,18873,1629140
2023-10-12,18830,1580890
2023-10-13,19415,2985610
2023-10-16,19343,1747420
2023-10-17,19357,1594300
2023-10-18,19683,2610640
2023-10-19,19805,2536900
2023-10-20,19944,2791620
2023-10-23,19878,2049590
2023-10-24,19861,1915860
2023-10-25,19949,2356990
2023-10-26,19974,2085970
2023-10-27,19985,2069320
2023-10-31,19943,2059510
2023-11-01,19875,1900940
2023-11-02,19935,1504760
2023-11-03,19992,2111540
2023-11-07,19735,2004820
2023-11-08,19578,1703670
2023-11-09,19698,1855740
2023-11-10,19377,2101580
2023-11-13,19502,1649850
2023-11-14,19665,1748440
2023-11-15,19643,1389560
2023-11-20,19803,1720460
2023-11-21,20016,2238730
2023-11-22,19928,1940930
2023-11-24,20030,2112520
2023-11-27,20124,2474110
2023-11-28,20400,1729680
2023-11-29,20671,1894940
2023-11-30,20572,1436050
2023-12-01,20897,2308770
2023-12-05,20363,2020030
2023-12-06,20479,1501920
2023-12-07,20464,1655660
2023-12-08,20145,2278310
2023-12-11,19937,1514090
2023-12-12,19932,1402570
2023-12-13,19973,1837800
2023-12-14,20449,2227760
2023-12-15,20357,1665650
2023-12-18,20405,1374360
2023-12-19,20521,1300310
2023-12-20,20477,1193940
2023-12-21,20513,1151840
2023-12-22,20691,1622920
2023-12-26,20698,764920
2023-12-27,20931,1240210
2023-12-28,20835,1264110
2023-12-29,20718,1027410
2024-01-02,20734,1499260
2024-01-03,20428,2141320
2024-01-04,20500,1255730
2024-01-05,20498,2088610
2024-01-08,20335,1993250
2024-01-09,20330,1946100
2024-01-10,20278,1836250
2024-01-11,20192,2706240
2024-01-12,20516,2509460
2024-01-16,20302,2779950
2024-01-17,20065,2451940
2024-01-18,20216,1670130
2024-01-19,20293,1660780
2024-01-22,20222,1419630
2024-01-23,20258,1538270
2024-01-24,20160,2276270
2024-01-25,20178,1892390
2024-01-26,20173,1176540
2024-01-29,20254,1478940
2024-01-30,20509,2083570
2024-01-31,20674,2258280
2024-02-01,20711,2531210
2024-02-02,20537,2108780
2024-02-05,20429,1634750
2024-02-06,20514,1217420
2024-02-07,20517,1206860
2024-02-08,20479,1333050
2024-02-09,20387,1091270
2024-02-12,20330,1117850
2024-02-13,20072,2013690
2024-02-14,20043,1844840
2024-02-15,20149,1977160
2024-02-16,20241,1555390
2024-02-20,20398,1962100
2024-02-21,20343,1176150
2024-02-22,20307,1445250
2024-02-23,20494,2018450
2024-02-26,20389,1247200
2024-02-27,20441,1423020
2024-02-28,20427,1321190
2024-02-29,20547,2181220
2024-03-01,20957,3159780
2024-03-04,21263,3108120
2024-03-05,21419,2721440
2024-03-06,21582,3059920
2024-03-07,21652,2373530
2024-03-08,21855,3555680
2024-03-11,21886,2160260
2024-03-12,21661,2918920
2024-03-13,21808,2077530
2024-03-14,21675,2022530
2024-03-15,21615,1829120
2024-03-18,21643,2071640
2024-03-19,21597,1708020
2024-03-20,21610,2263020
2024-03-21,21847,3784410
2024-03-22,21600,2005250
2024-03-25,21764,2017000
2024-03-26,21772,1979850
2024-03-27,22127,1833430
2024-03-28,22384,2400350
2024-04-01,22571,2147060
2024-04-02,22818,2665580
2024-04-03,23150,2457090
2024-04-04,23085,2279560
2024-04-05,23454,2814390
2024-04-08,23510,2761040
2024-04-09,23624,2701530
2024-04-10,23484,3423430
2024-04-11,23727,2474440
2024-04-12,23741,4630750
2024-04-15,23830,3366080
2024-04-16,24078,2907000
2024-04-17,23884,2795510
2024-04-18,23980,1954930
2024-04-19,24138,2643740
2024-04-22,23464,2561230
2024-04-23,23421,2619990
2024-04-24,23384,1782500
2024-04-25,23425,2181900
2024-04-26,23472,1631240
2024-04-29,23577,1799840
2024-04-30,23029,2218660
2024-05-01,23110,2152710
2024-05-02,23096,1818180
2024-05-03,23086,2261870
2024-05-06,23312,1889840
2024-05-07,23242,1868680
2024-05-08,23223,1961590
2024-05-09,23403,2265290
2024-05-10,23750,2459970
2024-05-13,23430,2218460
2024-05-14,23599,1841590
2024-05-15,23949,2450810
2024-05-16,23855,1831380
2024-05-17,24174,2093950
2024-05-20,24385,2762670
2024-05-21,24259,2259800
2024-05-22,23929,2462290
2024-05-23,23372,2630980
2024-05-24,23345,1719190
2024-05-28,23565,3089140
2024-05-29,23412,1147280
2024-05-30,23665,1796420
2024-05-31,23458,1758330
2024-06-03,23693,1667890
2024-06-04,23474,1658590
2024-06-05,23755,1676610
2024-06-06,23909,1633170
2024-06-07,23250,2992740
2024-06-10,23270,1373320
2024-06-11,23266,1422030
2024-06-12,23548,2324970
2024-06-13,23180,1771840
2024-06-14,23491,1554860
2024-06-17,23290,1187610
2024-06-18,23469,1502090
2024-06-20,23690,2451460
2024-06-21,23312,1875010
2024-06-24,23444,1134480
2024-06-25,23308,1401790
2024-06-26,23132,1829290
2024-06-27,23366,1357840
2024-06-28,23396,1311910
2024-07-01,23389,1368610
2024-07-02,23334,1465680
2024-07-03,23694,1859300
